COD_DPTO,COD_MUNIC,ANO,apgar_bajo_promedio,atenciones_per_nacimiento,consultas_per_nacimiento,consultas_promedio,defunciones_fetales,edad_materna_promedio,indice_fragilidad_sistema,num_instituciones,pct_area_rural,pct_bajo_nivel_educativo,pct_bajo_peso,pct_cesarea,pct_embarazo_multiple,pct_embarazos_alto_riesgo,pct_instituciones_publicas,pct_madres_adolescentes,pct_madres_edad_avanzada,pct_mortalidad_evitable,pct_prematuro,pct_regimen_subsidiado,pct_sin_control_prenatal,pct_sin_seguridad_social,presion_obstetrica,procedimientos_per_nacimiento,tasa_mortalidad_fetal,tasa_mortalidad_neonatal,total_defunciones,total_nacimientos,urgencias_per_nacimiento
50,00001,2020,0.017423243548690903,3.9665804545042084e+218,0.0051798832171783766,5.377228563343081,823.0,3.7872480693162554,2.8315614173952985,811,0.0012243360331512525,0.6805424750423809,0.06818609907703899,0.3455453004332266,0.016010548125824073,99.67037106799775,0.02836004932182491,1.0,0.0,92.88025889967638,0.9967037106799774,0.4327556978715389,0.04049726878884912,0.029760783575061216,13.092478421701603,0.004049726878884913,77.50988886796006,6.592578640045206,104.0,10618,0.0015068751177246186
50,00001,2021,0.015195229851894596,2.762181024446779e+188,0.0029813425658780533,5.602541883304449,773.0,3.8449701865743413,2.8177038128324905,811,0.0008655510675129833,0.6778226582035006,0.06857087901519524,0.32323523754568184,0.020388536256972494,99.6153106366609,0.02836004932182491,1.0,0.0,91.94097616345063,0.9956722446624351,0.42710136564723983,0.04279669167147528,0.022696672437007116,12.821208384710234,0.0049047893825735715,74.34121946528178,6.8282361992690905,108.0,10398,0.0026928255433737256
50,00001,2022,0.012414210738796932,0.0,0.0,5.572365765038353,520.0,3.872930964876867,3.532340980550879,811,0.0008074283407347598,0.687525232135648,0.07610012111425112,0.33467904723455794,0.01887363746467501,99.81832862333468,0.02836004932182491,1.0,0.0,89.64451313755795,0.9979814291481631,0.45771094065401696,0.03895841744045216,0.014634638675817522,12.217016029593095,0.0,52.482842147759385,9.386354461041583,127.0,9908,0.0
50,00001,2023,0.0035487686848048178,0.0,0.0,5.7120120443058395,393.0,3.919561243144424,2.2235856329733314,811,0.0009678460049467684,0.6709323583180987,0.06753414345628563,0.34713410044090764,0.018496612538982687,99.8709538660071,0.02836004932182491,1.0,0.0,90.625,0.9979567695451124,0.4957522314227336,0.0375309173029358,0.010431229164426282,11.466091245376079,0.0,42.26260888267556,6.667383589633294,87.0,9299,0.0
50,00001,2024,0.004626334519572953,0.0,0.0,5.8210726150925485,357.0,3.9311981020166074,1.5107169951515458,811,0.0010676156583629894,0.6577698695136418,0.07497034400948992,0.3480427046263345,0.01542111506524318,99.86951364175563,0.02836004932182491,1.0,0.0,89.37644341801386,0.9981020166073546,0.49323843416370106,0.03416370106761566,0.008422301304863582,10.394574599260173,0.0,42.34875444839858,5.456702253855279,76.0,8430,0.0
50,00006,2020,0.028735632183908046,6.2158343566411415e+69,0.05172413793103448,4.985590778097983,0.0,3.5833333333333335,0.3349639110391956,96,0.0,0.8074712643678161,0.020114942528735632,0.0,0.0,99.71264367816092,0.041666666666666664,1.0,0.0,66.66666666666666,0.9971264367816092,0.5114942528735632,0.09770114942528736,0.014367816091954023,3.625,0.04597701149425287,0.0,2.8735632183908044,3.0,348,0.022988505747126436
50,00006,2021,0.024822695035460994,1.2828096174332022e+58,0.07092198581560284,5.070921985815603,1.0,3.49290780141844,0.0,96,0.0,0.8156028368794326,0.02127659574468085,0.0,0.0,100.0,0.041666666666666664,1.0,0.0,0.0,1.0,0.4858156028368794,0.03546099290780142,0.010638297872340425,2.9375,0.04609929078014184,3.5460992907801416,0.0,0.0,282,0.010638297872340425
50,00006,2022,0.012944983818770227,0.0,0.0,5.190938511326861,5.0,3.5501618122977345,0.0,96,0.003236245954692557,0.8317152103559871,0.042071197411003236,0.0,0.0,100.0,0.041666666666666664,1.0,0.0,75.0,1.0,0.511326860841424,0.042071197411003236,0.003236245954692557,3.21875,0.0,16.181229773462782,0.0,3.0,309,0.0
50,00006,2023,0.0,0.0,0.0,5.455516014234876,6.0,3.704626334519573,0.0,96,0.0071174377224199285,0.8932384341637011,0.03202846975088968,0.0,0.0035587188612099642,100.0,0.041666666666666664,1.0,0.0,100.0,1.0,0.5729537366548043,0.028469750889679714,0.02491103202846975,2.9270833333333335,0.0,21.352313167259787,0.0,0.0,281,0.0
50,00006,2024,0.0,0.0,0.0,5.460251046025105,5.0,3.595833333333333,0.0,96,0.0,0.8625,0.041666666666666664,0.0,0.0,99.58333333333333,0.041666666666666664,1.0,0.0,100.0,0.9916666666666667,0.5791666666666667,0.025,0.008333333333333333,2.5,0.0,20.833333333333332,0.0,0.0,240,0.0
50,00110,2020,0.0,3.823593593057343e+24,0.25,4.5,0.0,3.5,0.0,4,0.03571428571428571,0.8928571428571429,0.0,0.0,0.0,98.21428571428571,0.25,1.0,0.0,100.0,0.9821428571428571,0.5178571428571429,0.08928571428571429,0.0,14.0,0.08928571428571429,0.0,0.0,1.0,56,0.03571428571428571
50,00110,2021,0.017241379310344827,2.1398504175191747e+30,0.25862068965517243,4.879310344827586,0.0,3.5172413793103448,0.0,4,0.0,0.8620689655172413,0.034482758620689655,0.0,0.0,100.0,0.25,1.0,0.0,0.0,1.0,0.46551724137931033,0.05172413793103448,0.017241379310344827,14.5,0.20689655172413793,0.0,0.0,0.0,58,0.034482758620689655
50,00110,2022,0.0,0.0,0.0,3.303030303030303,1.0,3.411764705882353,0.0,4,0.029411764705882353,0.9117647058823529,0.029411764705882353,0.0,0.0,100.0,0.25,1.0,0.0,100.0,1.0,0.5588235294117647,0.23529411764705882,0.0,8.5,0.0,29.41176470588235,0.0,0.0,34,0.0
50,00110,2023,0.0,0.0,0.0,3.5,1.0,4.0,0.0,4,0.125,0.875,0.0,0.0,0.0,100.0,0.25,1.0,0.0,100.0,1.0,0.6875,0.125,0.0,4.0,0.0,62.5,0.0,0.0,16,0.0
50,00110,2024,0.09090909090909091,0.0,0.0,4.2727272727272725,0.0,3.4545454545454546,0.0,4,0.0,1.0,0.09090909090909091,0.0,0.0,90.9090909090909,0.25,1.0,0.0,0.0,0.9090909090909091,0.5454545454545454,0.18181818181818182,0.0,2.75,0.0,0.0,0.0,0.0,11,0.0
50,00124,2020,0.0,69582081.9375,0.5,4.125,1.0,3.625,0.0,2,0.0,0.9375,0.0,0.0,0.0,100.0,0.5,1.0,0.0,100.0,1.0,0.75,0.0625,0.0,8.0,0.0,62.5,0.0,0.0,16,0.125
50,00124,2021,0.058823529411764705,242483.64705882352,0.17647058823529413,4.823529411764706,2.0,3.2941176470588234,0.0,2,0.23529411764705882,0.9411764705882353,0.058823529411764705,0.0,0.0,100.0,0.5,1.0,0.0,100.0,1.0,0.7647058823529411,0.058823529411764705,0.0,8.5,0.058823529411764705,117.6470588235294,0.0,0.0,17,0.17647058823529413
50,00124,2022,0.09090909090909091,0.0,0.0,3.727272727272727,1.0,3.8181818181818183,0.0,2,0.09090909090909091,0.8181818181818182,0.18181818181818182,0.0,0.0,100.0,0.5,1.0,0.0,50.0,1.0,0.6363636363636364,0.09090909090909091,0.0,5.5,0.0,90.9090909090909,0.0,1.0,11,0.0
50,00124,2023,0.0,0.0,0.0,4.785714285714286,1.0,3.7857142857142856,0.0,2,0.0,0.8571428571428571,0.14285714285714285,0.0,0.0,100.0,0.5,1.0,0.0,100.0,1.0,0.5714285714285714,0.14285714285714285,0.0,7.0,0.0,71.42857142857143,0.0,0.0,14,0.0
50,00124,2024,0.0,0.0,0.0,4.117647058823529,1.0,3.0,0.0,2,0.058823529411764705,1.0,0.11764705882352941,0.0,0.0,100.0,0.5,1.0,0.0,100.0,1.0,0.7647058823529411,0.0,0.0,8.5,0.0,58.8235294117647,0.0,0.0,17,0.0
50,00150,2020,0.07407407407407407,1.6718934050819048e+39,0.4444444444444444,6.148148148148148,0.0,3.888888888888889,0.0,8,0.037037037037037035,0.8518518518518519,0.1111111111111111,0.0,0.0,100.0,0.625,1.0,0.0,0.0,1.0,0.48148148148148145,0.0,0.0,3.375,0.48148148148148145,0.0,0.0,0.0,27,0.1111111111111111
50,00150,2021,0.09090909090909091,7.189156100959598e+34,0.6363636363636364,6.181818181818182,0.0,4.090909090909091,0.0,8,0.0,0.8181818181818182,0.045454545454545456,0.0,0.0,100.0,0.625,1.0,0.0,0.0,1.0,0.6363636363636364,0.0,0.0,2.75,0.09090909090909091,0.0,0.0,0.0,22,0.3181818181818182
50,00150,2022,0.0,0.0,0.0,4.769230769230769,1.0,3.230769230769231,0.0,8,0.0,0.9230769230769231,0.07692307692307693,0.0,0.0,100.0,0.625,1.0,0.0,100.0,1.0,0.6923076923076923,0.07692307692307693,0.0,1.625,0.0,76.92307692307693,0.0,0.0,13,0.0
50,00150,2023,0.0,0.0,0.0,4.888888888888889,0.0,3.4444444444444446,0.0,8,0.2222222222222222,0.8888888888888888,0.0,0.0,0.0,100.0,0.625,1.0,0.0,0.0,1.0,0.7777777777777778,0.0,0.0,1.125,0.0,0.0,0.0,0.0,9,0.0
50,00150,2024,0.0,0.0,0.0,5.0,0.0,3.3333333333333335,0.0,8,0.0,1.0,0.16666666666666666,0.0,0.0,83.33333333333334,0.625,1.0,0.0,0.0,0.8333333333333334,0.8333333333333334,0.16666666666666666,0.0,0.75,0.0,0.0,0.0,0.0,6,0.0
50,00223,2020,0.0,8.723079372937293e+24,0.9285714285714286,6.142857142857143,0.0,4.285714285714286,0.0,2,0.0,0.7142857142857143,0.07142857142857142,0.07142857142857142,0.0,100.0,0.5,1.0,0.0,0.0,1.0,0.6428571428571429,0.0,0.0,7.0,0.5714285714285714,0.0,0.0,0.0,14,0.0
50,00223,2021,0.0,1.2349045679015713e+23,1.3333333333333333,5.333333333333333,0.0,3.888888888888889,0.0,2,0.0,0.7777777777777778,0.1111111111111111,0.0,0.0,100.0,0.5,1.0,0.0,0.0,1.0,0.5555555555555556,0.0,0.1111111111111111,4.5,0.0,0.0,0.0,0.0,9,1.0
50,00223,2022,0.0,0.0,0.0,4.428571428571429,0.0,3.5714285714285716,0.0,2,0.0,0.7142857142857143,0.0,0.0,0.0,100.0,0.5,1.0,0.0,0.0,1.0,0.7142857142857143,0.0,0.0,3.5,0.0,0.0,0.0,0.0,7,0.0
50,00223,2023,0.0,0.0,0.0,4.5,0.0,4.75,0.0,2,0.0,0.25,0.0,0.0,0.0,100.0,0.5,1.0,0.0,0.0,1.0,0.75,0.0,0.0,2.0,0.0,0.0,0.0,0.0,4,0.0
50,00223,2024,0.0,0.0,0.0,4.666666666666667,0.0,3.3333333333333335,0.0,2,0.0,1.0,0.0,0.0,0.0,100.0,0.5,1.0,0.0,0.0,1.0,1.0,0.0,0.0,1.5,0.0,0.0,0.0,0.0,3,0.0
50,00226,2020,0.015625,4.299990798612836e+51,0.34375,4.671875,1.0,3.703125,0.0,14,0.03125,0.8125,0.0,0.0,0.0,100.0,0.07142857142857142,1.0,0.0,100.0,1.0,0.59375,0.0625,0.0,4.571428571428571,0.296875,15.625,0.0,0.0,64,0.125
50,00226,2021,0.020833333333333332,9.71321108564857e+59,0.4791666666666667,3.5869565217391304,1.0,3.6875,12.171001088056704,14,0.041666666666666664,0.8125,0.020833333333333332,0.0,0.0,95.83333333333334,0.07142857142857142,1.0,0.0,100.0,0.9583333333333334,0.375,0.22916666666666666,0.0,3.4285714285714284,0.5,20.833333333333332,20.833333333333332,1.0,48,0.020833333333333332
50,00226,2022,0.047619047619047616,0.0,0.0,3.761904761904762,2.0,3.8333333333333335,0.0,14,0.07142857142857142,0.8333333333333334,0.023809523809523808,0.0,0.0,97.61904761904762,0.07142857142857142,1.0,0.0,100.0,0.9761904761904762,0.47619047619047616,0.16666666666666666,0.0,3.0,0.0,47.61904761904761,0.0,0.0,42,0.0
50,00226,2023,0.03125,0.0,0.0,4.75,1.0,3.75,0.0,14,0.03125,0.8125,0.125,0.0,0.0,100.0,0.07142857142857142,1.0,0.0,100.0,1.0,0.625,0.0625,0.0,2.2857142857142856,0.0,31.25,0.0,0.0,32,0.0
50,00226,2024,0.0,0.0,0.0,5.238095238095238,0.0,3.7142857142857144,0.0,14,0.0,0.9523809523809523,0.047619047619047616,0.0,0.0,100.0,0.07142857142857142,1.0,0.0,0.0,1.0,0.6190476190476191,0.047619047619047616,0.0,1.5,0.0,0.0,0.0,0.0,21,0.0
50,00245,2020,0.125,394551767644.5,0.0,5.0,2.0,3.875,0.0,1,0.375,0.875,0.0,0.0,0.0,87.5,1.0,1.0,0.0,100.0,0.875,0.75,0.125,0.0,8.0,1.125,250.0,0.0,0.0,8,0.0
50,00245,2021,0.0,0.0,0.0,6.75,0.0,4.4,0.0,1,0.2,1.0,0.2,0.0,0.0,80.0,1.0,1.0,0.0,0.0,0.8,1.0,0.2,0.0,5.0,0.0,0.0,0.0,0.0,5,0.0
50,00245,2022,0.0,0.0,0.0,3.3333333333333335,1.0,3.3333333333333335,0.0,1,0.0,1.0,0.0,0.0,0.0,100.0,1.0,1.0,0.0,100.0,1.0,1.0,0.0,0.0,3.0,0.0,333.3333333333333,0.0,0.0,3,0.0
50,00245,2023,0.0,0.0,0.0,3.6666666666666665,0.0,4.666666666666667,0.0,1,0.3333333333333333,1.0,0.0,0.0,0.0,66.66666666666666,1.0,1.0,0.0,0.0,0.6666666666666666,0.6666666666666666,0.3333333333333333,0.0,3.0,0.0,0.0,0.0,0.0,3,0.0
50,00245,2024,0.0,0.0,0.0,7.0,0.0,4.5,0.0,1,0.0,0.5,0.0,0.0,0.0,100.0,1.0,1.0,0.0,0.0,1.0,1.0,0.0,0.0,2.0,0.0,0.0,0.0,0.0,2,0.0
50,00251,2020,0.0,347343953395506.2,0.3888888888888889,4.294117647058823,0.0,3.611111111111111,0.0,1,0.05555555555555555,0.7222222222222222,0.0,0.0,0.0,88.88888888888889,1.0,1.0,0.0,0.0,0.8888888888888888,0.9444444444444444,0.05555555555555555,0.0,18.0,0.2777777777777778,0.0,0.0,0.0,18,0.1111111111111111
50,00251,2021,0.05263157894736842,8532163742.684211,0.21052631578947367,3.6666666666666665,0.0,3.4210526315789473,0.0,1,0.15789473684210525,1.0,0.10526315789473684,0.0,0.0,94.73684210526315,1.0,1.0,0.0,0.0,0.9473684210526315,0.8421052631578947,0.05263157894736842,0.0,19.0,0.2631578947368421,0.0,0.0,1.0,19,0.0
50,00251,2022,0.0,0.0,0.0,3.5714285714285716,0.0,3.7857142857142856,0.0,1,0.14285714285714285,1.0,0.07142857142857142,0.0,0.0,100.0,1.0,1.0,0.0,0.0,1.0,0.8571428571428571,0.21428571428571427,0.0,14.0,0.0,0.0,0.0,0.0,14,0.0
50,00251,2023,0.0,0.0,0.0,4.333333333333333,1.0,3.3333333333333335,0.0,1,0.0,1.0,0.0,0.0,0.0,100.0,1.0,1.0,0.0,100.0,1.0,0.8333333333333334,0.16666666666666666,0.16666666666666666,6.0,0.0,166.66666666666666,0.0,0.0,6,0.0
50,00251,2024,0.0,0.0,0.0,0.6666666666666666,0.0,3.3333333333333335,0.0,1,0.0,0.6666666666666666,0.6666666666666666,0.0,0.0,100.0,1.0,1.0,0.0,0.0,1.0,0.6666666666666666,0.6666666666666666,0.0,3.0,0.0,0.0,0.0,0.0,3,0.0
50,00270,2020,0.045454545454545456,96050506.04545455,0.22727272727272727,5.2105263157894735,0.0,3.6818181818181817,0.0,2,0.18181818181818182,0.7727272727272727,0.045454545454545456,0.0,0.0,86.36363636363636,0.5,1.0,0.0,0.0,0.8636363636363636,0.9545454545454546,0.13636363636363635,0.0,11.0,0.13636363636363635,0.0,0.0,0.0,22,0.0
50,00270,2021,0.21428571428571427,1.5229580815224387e+17,0.6428571428571429,5.230769230769231,0.0,3.9285714285714284,100.0,2,0.14285714285714285,0.8571428571428571,0.0,0.0,0.0,85.71428571428571,0.5,1.0,0.0,100.0,0.8571428571428571,0.8571428571428571,0.21428571428571427,0.0,7.0,0.5,0.0,71.42857142857143,1.0,14,0.0
50,00270,2022,0.0,0.0,0.0,5.333333333333333,0.0,3.0,0.0,2,0.0,0.3333333333333333,0.0,0.0,0.0,100.0,0.5,1.0,0.0,0.0,1.0,1.0,0.0,0.0,1.5,0.0,0.0,0.0,0.0,3,0.0
50,00270,2023,0.0,0.0,0.0,5.428571428571429,1.0,4.285714285714286,0.0,2,0.14285714285714285,0.8571428571428571,0.0,0.0,0.0,85.71428571428571,0.5,1.0,0.0,100.0,0.8571428571428571,1.0,0.14285714285714285,0.0,3.5,0.0,142.85714285714286,0.0,0.0,7,0.0
50,00270,2024,0.0,0.0,0.0,6.333333333333333,0.0,4.0,0.0,2,0.0,0.6666666666666666,0.0,0.0,0.0,100.0,0.5,1.0,0.0,0.0,1.0,1.0,0.0,0.0,1.5,0.0,0.0,0.0,0.0,3,0.0
50,00287,2020,0.0,1.0426776855952097e+41,1.0,5.6,0.0,4.166666666666667,0.0,5,0.25,0.8333333333333334,0.0,0.0,0.0,83.33333333333334,0.2,1.0,0.0,0.0,0.8333333333333334,0.9166666666666666,0.25,0.0,2.4,0.75,0.0,0.0,1.0,12,0.5833333333333334
50,00287,2021,0.0,1.864739334870855e+34,1.1538461538461537,7.384615384615385,0.0,4.384615384615385,0.0,5,0.0,0.8461538461538461,0.0,0.0,0.0,100.0,0.2,1.0,0.0,0.0,1.0,0.9230769230769231,0.0,0.0,2.6,0.8461538461538461,0.0,0.0,0.0,13,0.07692307692307693
50,00287,2022,0.0,0.0,0.0,6.0,0.0,3.2857142857142856,0.0,5,0.14285714285714285,0.7142857142857143,0.0,0.0,0.0,100.0,0.2,1.0,0.0,0.0,1.0,0.7142857142857143,0.0,0.0,1.4,0.0,0.0,0.0,1.0,7,0.0
50,00287,2023,0.0,0.0,0.0,4.0,1.0,4.0,0.0,5,0.14285714285714285,0.8571428571428571,0.0,0.0,0.0,100.0,0.2,1.0,0.0,100.0,1.0,1.0,0.0,0.0,1.4,0.0,142.85714285714286,0.0,0.0,7,0.0
50,00287,2024,0.0,0.0,0.0,7.5,0.0,3.0,0.0,5,0.0,1.0,0.0,0.0,0.0,100.0,0.2,1.0,0.0,0.0,1.0,0.75,0.0,0.0,0.8,0.0,0.0,0.0,0.0,4,0.0
50,00313,2020,0.012491077801570306,1.362638016993797e+39,0.0024982155603140615,4.980679785330948,98.0,3.601713062098501,16.431888465744148,86,0.0007137758743754461,0.7765881513204854,0.051034975017844396,0.27587437544610993,0.01284796573875803,99.46466809421841,0.08139534883720931,1.0,0.0,94.82758620689656,0.9946466809421841,0.7444682369735903,0.06566738044254104,0.020342612419700215,32.58139534883721,0.006067094932191292,34.97501784439686,4.996431120628123,18.0,2802,0.0028551034975017845
50,00313,2021,0.01782178217821782,8.336343997066802e+71,0.0042904290429042905,4.924397490921096,37.0,3.575907590759076,9.950106901142512,86,0.0006600660066006601,0.8534653465346534,0.05148514851485148,0.263036303630363,0.01419141914191419,99.43894389438944,0.08139534883720931,1.0,0.0,95.65217391304348,0.9937293729372937,0.7907590759075908,0.04884488448844884,0.017161716171617162,35.23255813953488,0.006600660066006601,12.21122112211221,2.6402640264026402,9.0,3030,0.0039603960396039604
50,00313,2022,0.020035149384885764,0.0,0.0,4.852021089630932,38.0,3.634446397188049,15.429981595310549,86,0.001054481546572935,0.8657293497363796,0.06783831282952549,0.2492091388400703,0.017223198594024606,99.64850615114236,0.08139534883720931,1.0,0.0,90.38461538461539,0.9961335676625659,0.7592267135325131,0.056942003514938486,0.01265377855887522,33.08139534883721,0.0,13.35676625659051,4.569420035149385,14.0,2845,0.0
50,00313,2023,0.006229235880398671,0.0,0.0,4.9327242524916945,23.0,3.6569767441860463,11.57811178691303,86,0.0012458471760797341,0.8372093023255814,0.06395348837209303,0.2562292358803987,0.011212624584717609,99.54318936877077,0.08139534883720931,1.0,0.0,97.14285714285714,0.9954318936877077,0.7338039867109635,0.06021594684385382,0.006644518272425249,28.0,0.0,9.551495016611296,4.568106312292359,12.0,2408,0.0
50,00313,2024,0.0068744271310724105,0.0,0.0,4.8845096241979835,24.0,3.6906507791017416,5.89807900657859,86,0.00045829514207149406,0.8263061411549038,0.05820348304307974,0.2818515123739688,0.012832263978001834,99.8166819431714,0.08139534883720931,1.0,0.0,90.9090909090909,0.998166819431714,0.7557286892758937,0.05591200733272227,0.0032080659945004585,25.372093023255815,0.0,10.999083409715857,2.749770852428964,9.0,2182,0.0
50,00318,2020,0.07142857142857142,3.7590580365222322e+28,0.7142857142857143,5.384615384615385,0.0,4.0,0.0,7,0.07142857142857142,0.9285714285714286,0.0,0.0,0.0,92.85714285714286,0.14285714285714285,1.0,0.0,0.0,0.9285714285714286,0.7142857142857143,0.07142857142857142,0.0,2.0,1.1428571428571428,0.0,0.0,0.0,14,0.07142857142857142
50,00318,2021,0.1111111111111111,4.5707967907012547e+18,1.3333333333333333,5.555555555555555,0.0,4.555555555555555,0.0,7,0.0,0.7777777777777778,0.1111111111111111,0.0,0.0,100.0,0.14285714285714285,1.0,0.0,0.0,1.0,0.3333333333333333,0.1111111111111111,0.0,1.2857142857142858,0.5555555555555556,0.0,0.0,0.0,9,0.1111111111111111
50,00318,2022,0.14285714285714285,0.0,0.0,5.571428571428571,0.0,3.7142857142857144,0.0,7,0.14285714285714285,0.7142857142857143,0.0,0.0,0.0,100.0,0.14285714285714285,1.0,0.0,0.0,1.0,0.7142857142857143,0.14285714285714285,0.0,1.0,0.0,0.0,0.0,1.0,7,0.0
50,00318,2023,0.0,0.0,0.0,5.1,0.0,4.0,0.0,7,0.1,0.8,0.0,0.0,0.0,100.0,0.14285714285714285,1.0,0.0,0.0,1.0,0.8,0.0,0.0,1.4285714285714286,0.0,0.0,0.0,0.0,10,0.0
50,00318,2024,0.0,0.0,0.0,5.769230769230769,1.0,4.076923076923077,0.0,7,0.0,0.5384615384615384,0.07692307692307693,0.0,0.0,92.3076923076923,0.14285714285714285,1.0,0.0,100.0,0.9230769230769231,0.6923076923076923,0.07692307692307693,0.0,1.8571428571428572,0.0,76.92307692307693,0.0,0.0,13,0.0
50,00325,2020,0.05825242718446602,4977894909934091.0,0.08737864077669903,1.8923076923076922,3.0,3.262135922330097,100.0,3,0.44660194174757284,0.8640776699029126,0.038834951456310676,0.0,0.0,61.165048543689316,0.6666666666666666,1.0,0.0,80.0,0.6116504854368932,0.883495145631068,0.5145631067961165,0.0,34.333333333333336,0.05825242718446602,29.12621359223301,9.70873786407767,2.0,103,0.019417475728155338
50,00325,2021,0.045454545454545456,1.0292661017521075e+18,0.07272727272727272,1.4342105263157894,2.0,3.4454545454545453,0.0,3,0.5727272727272728,0.9272727272727272,0.02727272727272727,0.0,0.0,53.63636363636364,0.6666666666666666,1.0,0.0,50.0,0.5272727272727272,0.9363636363636364,0.5727272727272728,0.0,36.666666666666664,0.08181818181818182,18.18181818181818,0.0,0.0,110,0.0
50,00325,2022,0.06779661016949153,0.0,0.0,1.3983050847457628,0.0,3.483050847457627,0.0,3,0.4576271186440678,0.9322033898305084,0.1016949152542373,0.0,0.01694915254237288,83.89830508474576,0.6666666666666666,1.0,0.0,0.0,0.8305084745762712,0.8728813559322034,0.4067796610169492,0.0,39.333333333333336,0.0,0.0,0.0,0.0,118,0.0
50,00325,2023,0.0,0.0,0.0,1.6153846153846154,1.0,3.5576923076923075,0.0,3,0.34615384615384615,0.9038461538461539,0.11538461538461539,0.0,0.038461538461538464,84.61538461538461,0.6666666666666666,1.0,0.0,100.0,0.8269230769230769,0.8653846153846154,0.3076923076923077,0.0,17.333333333333332,0.0,19.230769230769234,0.0,0.0,52,0.0
50,00325,2024,0.046875,0.0,0.0,1.4262295081967213,1.0,3.328125,0.0,3,0.421875,0.84375,0.0625,0.0,0.0,75.0,0.6666666666666666,1.0,0.0,50.0,0.671875,0.859375,0.453125,0.046875,21.333333333333332,0.0,15.625,0.0,1.0,64,0.0
50,00330,2020,0.04,4.6054604544272446e+20,0.12,4.725,0.0,3.5,0.0,1,0.24,0.9,0.0,0.0,0.0,80.0,1.0,1.0,0.0,0.0,0.8,0.94,0.2,0.0,50.0,0.2,0.0,0.0,0.0,50,0.06
50,00330,2021,0.07142857142857142,1.875543257611586e+16,0.21428571428571427,4.130434782608695,0.0,3.357142857142857,0.0,1,0.32142857142857145,0.9285714285714286,0.0,0.0,0.0,78.57142857142857,1.0,1.0,0.0,0.0,0.7857142857142857,0.9285714285714286,0.25,0.03571428571428571,28.0,0.21428571428571427,0.0,0.0,0.0,28,0.07142857142857142
50,00330,2022,0.03333333333333333,0.0,0.0,3.1,1.0,4.133333333333334,100.0,1,0.2,0.8666666666666667,0.0,0.0,0.0,96.66666666666667,1.0,1.0,0.0,100.0,0.9666666666666667,0.9,0.13333333333333333,0.0,30.0,0.0,33.333333333333336,33.333333333333336,1.0,30,0.0
50,00330,2023,0.0,0.0,0.0,3.8125,0.0,3.875,0.0,1,0.0625,0.84375,0.03125,0.0,0.0,96.875,1.0,1.0,0.0,0.0,0.96875,0.9375,0.0625,0.0,32.0,0.0,0.0,0.0,0.0,32,0.0
50,00330,2024,0.038461538461538464,0.0,0.0,4.923076923076923,0.0,3.5384615384615383,0.0,1,0.038461538461538464,0.8846153846153846,0.15384615384615385,0.0,0.0,92.3076923076923,1.0,1.0,0.0,0.0,0.9230769230769231,0.9230769230769231,0.038461538461538464,0.0,26.0,0.0,0.0,0.0,0.0,26,0.0
50,00350,2020,0.043478260869565216,3.381654685991773e+18,0.11956521739130435,4.984848484848484,0.0,3.5217391304347827,0.0,4,0.31521739130434784,0.967391304347826,0.021739130434782608,0.0,0.0,70.65217391304348,0.5,1.0,0.0,100.0,0.7065217391304348,0.9565217391304348,0.30434782608695654,0.0,23.0,0.05434782608695652,0.0,0.0,1.0,92,0.0
50,00350,2021,0.044642857142857144,1199227064929618.8,0.07142857142857142,4.677083333333333,3.0,3.5982142857142856,0.0,4,0.20535714285714285,0.9732142857142857,0.03571428571428571,0.0,0.0,79.46428571428571,0.5,1.0,0.0,100.0,0.7946428571428571,0.9553571428571429,0.24107142857142858,0.0,28.0,0.05357142857142857,26.785714285714285,0.0,1.0,112,0.017857142857142856
50,00350,2022,0.06349206349206349,0.0,0.0,3.5555555555555554,0.0,3.984126984126984,0.0,4,0.09523809523809523,0.9206349206349206,0.031746031746031744,0.0,0.0,95.23809523809523,0.5,1.0,0.0,0.0,0.9523809523809523,0.9206349206349206,0.19047619047619047,0.0,15.75,0.0,0.0,0.0,0.0,63,0.0
50,00350,2023,0.04081632653061224,0.0,0.0,4.918367346938775,2.0,3.9591836734693877,0.0,4,0.061224489795918366,1.0,0.02040816326530612,0.0,0.0,97.95918367346938,0.5,1.0,0.0,66.66666666666666,0.9795918367346939,1.0,0.04081632653061224,0.0,12.25,0.0,40.816326530612244,0.0,1.0,49,0.0
50,00350,2024,0.024390243902439025,0.0,0.0,4.175,0.0,3.268292682926829,0.0,4,0.12195121951219512,1.0,0.0975609756097561,0.0,0.0,87.8048780487805,0.5,1.0,0.0,0.0,0.8536585365853658,0.9512195121951219,0.14634146341463414,0.024390243902439025,10.25,0.0,0.0,0.0,0.0,41,0.0
50,00370,2020,0.15492957746478872,5792142.464788732,0.07042253521126761,3.7,0.0,3.380281690140845,0.0,2,0.6197183098591549,0.9436619718309859,0.028169014084507043,0.0,0.0,80.28169014084507,1.0,1.0,0.0,0.0,0.7746478873239436,0.9436619718309859,0.22535211267605634,0.0,35.5,0.04225352112676056,0.0,0.0,0.0,71,0.0
50,00370,2021,0.2391304347826087,2.305557801209915e+17,0.07608695652173914,3.240506329113924,0.0,3.8369565217391304,0.0,2,0.2717391304347826,0.9456521739130435,0.08695652173913043,0.0,0.0,81.52173913043478,1.0,1.0,0.0,0.0,0.8152173913043478,0.8804347826086957,0.2826086956521739,0.0,46.0,0.08695652173913043,0.0,0.0,0.0,92,0.010869565217391304
50,00370,2022,0.1875,0.0,0.0,3.425531914893617,0.0,3.5,0.0,2,0.2916666666666667,0.875,0.020833333333333332,0.0,0.0,97.91666666666666,1.0,1.0,0.0,0.0,0.9791666666666666,0.75,0.08333333333333333,0.0,24.0,0.0,0.0,0.0,0.0,48,0.0
50,00370,2023,0.1111111111111111,0.0,0.0,3.4444444444444446,1.0,3.5925925925925926,0.0,2,0.48148148148148145,0.8518518518518519,0.0,0.0,0.0,88.88888888888889,1.0,1.0,0.0,50.0,0.8888888888888888,0.8518518518518519,0.2222222222222222,0.0,13.5,0.0,37.03703703703704,0.0,1.0,27,0.0
50,00370,2024,0.36666666666666664,0.0,0.0,4.566666666666666,0.0,3.7333333333333334,0.0,2,0.5,0.8666666666666667,0.06666666666666667,0.0,0.0,100.0,1.0,1.0,0.0,0.0,1.0,0.9333333333333333,0.06666666666666667,0.0,15.0,0.0,0.0,0.0,1.0,30,0.0
50,00400,2020,0.030303030303030304,4036730660.939394,0.15151515151515152,5.137931034482759,0.0,4.03030303030303,0.0,4,0.24242424242424243,0.9393939393939394,0.0,0.0,0.0,84.84848484848484,0.25,1.0,0.0,100.0,0.8484848484848485,0.8181818181818182,0.15151515151515152,0.0,8.25,0.09090909090909091,0.0,0.0,1.0,33,0.030303030303030304
50,00400,2021,0.047619047619047616,5773578143910150.0,0.2857142857142857,5.380952380952381,1.0,3.619047619047619,0.0,4,0.047619047619047616,0.9047619047619048,0.0,0.0,0.0,100.0,0.25,1.0,0.0,100.0,1.0,0.8095238095238095,0.047619047619047616,0.0,5.25,0.19047619047619047,47.61904761904761,0.0,0.0,21,0.09523809523809523
50,00400,2022,0.0,0.0,0.0,4.25,0.0,3.75,0.0,4,0.125,1.0,0.0,0.0,0.0,87.5,0.25,1.0,0.0,0.0,0.875,0.625,0.125,0.125,2.0,0.0,0.0,0.0,0.0,8,0.0
50,00400,2023,0.0,0.0,0.0,2.75,0.0,4.75,0.0,4,0.5,1.0,0.5,0.0,0.5,100.0,0.25,1.0,0.0,0.0,1.0,1.0,0.0,0.0,1.0,0.0,0.0,0.0,0.0,4,0.0
50,00400,2024,0.16666666666666666,0.0,0.0,4.666666666666667,0.0,4.0,0.0,4,0.3333333333333333,0.8333333333333334,0.0,0.0,0.0,66.66666666666666,0.25,1.0,0.0,0.0,0.6666666666666666,0.8333333333333334,0.3333333333333333,0.0,1.5,0.0,0.0,0.0,0.0,6,0.0
50,00450,2020,0.05263157894736842,8.509516558458714e+16,0.21052631578947367,2.3,0.0,3.3947368421052633,0.0,1,0.5263157894736842,0.9210526315789473,0.0,0.0,0.0,50.0,1.0,1.0,0.0,0.0,0.5,0.6842105263157895,0.6052631578947368,0.0,38.0,0.13157894736842105,0.0,0.0,0.0,38,0.05263157894736842
50,00450,2021,0.0,28353080903279.023,0.175,1.6923076923076923,0.0,3.6,0.0,1,0.4,0.725,0.075,0.0,0.0,90.0,1.0,1.0,0.0,0.0,0.9,0.825,0.4,0.0,40.0,0.075,0.0,0.0,0.0,40,0.025
50,00450,2022,0.0,0.0,0.0,1.3571428571428572,0.0,3.3095238095238093,0.0,1,0.38095238095238093,0.8095238095238095,0.09523809523809523,0.0,0.0,80.95238095238095,1.0,1.0,0.0,0.0,0.8095238095238095,0.8095238095238095,0.5714285714285714,0.0,42.0,0.0,0.0,0.0,0.0,42,0.0
50,00450,2023,0.0,0.0,0.0,0.8571428571428571,1.0,3.2857142857142856,0.0,1,0.42857142857142855,0.8095238095238095,0.14285714285714285,0.0,0.0,85.71428571428571,1.0,1.0,0.0,100.0,0.7142857142857143,0.9047619047619048,0.7142857142857143,0.0,21.0,0.0,47.61904761904761,0.0,0.0,21,0.0
50,00450,2024,0.0,0.0,0.0,2.0,0.0,7.0,0.0,1,0.5666666666666667,0.8333333333333334,0.1,0.0,0.0,70.0,1.0,0.9666666666666667,0.03333333333333333,0.0,0.5333333333333333,0.8333333333333334,0.5,0.1,30.0,0.0,0.0,0.0,0.0,30,0.0
50,00568,2020,0.0213089802130898,3.259560448313809e+36,0.0213089802130898,2.752577319587629,9.0,3.3942161339421615,4.199018932264951,30,0.4140030441400304,0.9665144596651446,0.0213089802130898,0.0015220700152207,0.0,58.9041095890411,0.1,1.0,0.0,100.0,0.589041095890411,0.8386605783866058,0.5418569254185692,0.0,21.9,0.0197869101978691,13.698630136986301,1.5220700152207,1.0,657,0.0030441400304414
50,00568,2021,0.01366120218579235,2.4782804824067124e+43,0.031420765027322405,1.9830220713073006,5.0,3.441256830601093,4.387986150973014,30,0.46584699453551914,0.9494535519125683,0.028688524590163935,0.0,0.00546448087431694,57.513661202185794,0.1,1.0,0.0,62.5,0.575136612021858,0.7841530054644809,0.5327868852459017,0.00273224043715847,24.4,0.01092896174863388,6.830601092896175,1.366120218579235,3.0,732,0.00546448087431694
50,00568,2022,0.024615384615384615,0.0,0.0,1.6925465838509317,13.0,3.352307692307692,16.725508789830627,30,0.39384615384615385,0.8646153846153846,0.047692307692307694,0.0,0.003076923076923077,75.07692307692308,0.1,1.0,0.0,100.0,0.7446153846153846,0.816923076923077,0.4676923076923077,0.0,21.666666666666668,0.0,20.0,6.153846153846154,4.0,650,0.0
50,00568,2023,0.029465930018416207,0.0,0.0,1.9189686924493554,14.0,3.4640883977900554,15.646434923078095,30,0.3020257826887661,0.9116022099447514,0.034990791896869246,0.0,0.0055248618784530384,76.05893186003682,0.1,1.0,0.0,85.71428571428571,0.7513812154696132,0.8324125230202578,0.4198895027624309,0.0,18.1,0.0,25.78268876611418,7.366482504604051,7.0,543,0.0
50,00568,2024,0.02107728337236534,0.0,0.0,2.03988603988604,6.0,4.470725995316159,3.618933092925151,30,0.117096018735363,0.9203747072599532,0.0585480093676815,0.0,0.00702576112412178,90.86651053864169,0.1,0.990632318501171,0.00936768149882904,100.0,0.7166276346604216,0.6463700234192038,0.4964871194379391,0.17798594847775176,14.233333333333333,0.0,14.05152224824356,2.34192037470726,1.0,427,0.0
50,00573,2020,0.013333333333333334,6805392147345389.0,0.03111111111111111,4.490990990990991,4.0,3.5644444444444443,0.0,29,0.044444444444444446,0.9333333333333333,0.057777777777777775,0.0,0.008888888888888889,98.66666666666667,0.06896551724137931,1.0,0.0,100.0,0.9866666666666667,0.7155555555555555,0.06666666666666667,0.0044444444444444444,7.758620689655173,0.017777777777777778,17.77777777777778,0.0,0.0,225,0.0
50,00573,2021,0.04784688995215311,2.005804381457049e+32,0.07177033492822966,4.485436893203883,2.0,3.5598086124401913,0.0,29,0.04784688995215311,0.9234449760765551,0.028708133971291867,0.0,0.009569377990430622,98.08612440191388,0.06896551724137931,1.0,0.0,100.0,0.9808612440191388,0.7272727272727273,0.10047846889952153,0.0,7.206896551724138,0.04784688995215311,9.569377990430622,0.0,0.0,209,0.009569377990430622
50,00573,2022,0.07042253521126761,0.0,0.0,4.226415094339623,7.0,3.384976525821596,3.2939122951945725,29,0.03286384976525822,0.9154929577464789,0.028169014084507043,0.0,0.009389671361502348,100.0,0.06896551724137931,1.0,0.0,87.5,1.0,0.6901408450704225,0.09859154929577464,0.004694835680751174,7.344827586206897,0.0,32.863849765258216,4.694835680751174,1.0,213,0.0
50,00573,2023,0.046632124352331605,0.0,0.0,4.466321243523316,7.0,3.6580310880829017,0.0,29,0.05181347150259067,0.8911917098445595,0.046632124352331605,0.0,0.010362694300518135,99.48186528497409,0.06896551724137931,1.0,0.0,71.42857142857143,0.9948186528497409,0.7253886010362695,0.10880829015544041,0.0,6.655172413793103,0.0,36.269430051813465,0.0,0.0,193,0.0
50,00573,2024,0.04054054054054054,0.0,0.0,4.547297297297297,2.0,3.574324324324324,3.1181001901581453,29,0.04054054054054054,0.8851351351351351,0.05405405405405406,0.0,0.006756756756756757,98.64864864864865,0.06896551724137931,1.0,0.0,100.0,0.972972972972973,0.7162162162162162,0.10135135135135136,0.006756756756756757,5.103448275862069,0.0,13.513513513513514,6.756756756756757,1.0,148,0.0
50,00577,2020,0.08695652173913043,309240.47826086957,0.13043478260869565,4.318181818181818,0.0,4.086956521739131,0.0,3,0.08695652173913043,0.782608695652174,0.0,0.0,0.0,95.65217391304348,0.3333333333333333,1.0,0.0,0.0,0.9565217391304348,0.782608695652174,0.17391304347826086,0.0,7.666666666666667,0.08695652173913043,0.0,0.0,0.0,23,0.043478260869565216
50,00577,2021,0.0,42592.583333333336,0.3333333333333333,4.166666666666667,0.0,4.25,0.0,3,0.0,1.0,0.08333333333333333,0.0,0.0,100.0,0.3333333333333333,1.0,0.0,0.0,1.0,0.9166666666666666,0.16666666666666666,0.0,4.0,0.0,0.0,0.0,0.0,12,0.0
50,00577,2022,0.0,0.0,0.0,4.769230769230769,0.0,3.923076923076923,0.0,3,0.07692307692307693,0.8461538461538461,0.07692307692307693,0.0,0.0,100.0,0.3333333333333333,1.0,0.0,0.0,1.0,0.7692307692307693,0.15384615384615385,0.0,4.333333333333333,0.0,0.0,0.0,0.0,13,0.0
50,00577,2023,0.0,0.0,0.0,4.111111111111111,1.0,3.888888888888889,0.0,3,0.1111111111111111,0.8888888888888888,0.1111111111111111,0.0,0.0,100.0,0.3333333333333333,1.0,0.0,100.0,1.0,0.6666666666666666,0.0,0.0,3.0,0.0,111.1111111111111,0.0,0.0,9,0.0
50,00577,2024,0.0,0.0,0.0,4.0,0.0,2.75,0.0,3,0.25,1.0,0.0,0.0,0.0,87.5,0.3333333333333333,1.0,0.0,0.0,0.875,1.0,0.125,0.0,2.6666666666666665,0.0,0.0,0.0,0.0,8,0.0
50,00590,2020,0.05263157894736842,2.0545862306160725e+20,0.12280701754385964,4.541666666666667,2.0,3.6140350877192984,0.0,2,0.17543859649122806,0.6842105263157895,0.03508771929824561,0.0,0.0,82.45614035087719,0.5,1.0,0.0,100.0,0.8245614035087719,0.8421052631578947,0.19298245614035087,0.0,28.5,0.15789473684210525,35.08771929824561,0.0,0.0,57,0.03508771929824561
50,00590,2021,0.014925373134328358,169121121361671.8,0.1044776119402985,4.818181818181818,1.0,3.716417910447761,0.0,2,0.014925373134328358,0.6417910447761194,0.05970149253731343,0.0,0.0,98.50746268656717,0.5,1.0,0.0,100.0,0.9850746268656716,0.7164179104477612,0.029850746268656716,0.014925373134328358,33.5,0.029850746268656716,14.925373134328359,0.0,0.0,67,0.05970149253731343
50,00590,2022,0.04878048780487805,0.0,0.0,3.8536585365853657,1.0,3.8292682926829267,0.0,2,0.04878048780487805,0.8780487804878049,0.0975609756097561,0.0,0.0,95.1219512195122,0.5,1.0,0.0,100.0,0.9512195121951219,0.8292682926829268,0.0975609756097561,0.0,20.5,0.0,24.390243902439025,0.0,0.0,41,0.0
50,00590,2023,0.02631578947368421,0.0,0.0,3.789473684210526,0.0,3.736842105263158,0.0,2,0.0,0.8421052631578947,0.02631578947368421,0.0,0.0,97.36842105263158,0.5,1.0,0.0,0.0,0.9473684210526315,0.8157894736842105,0.10526315789473684,0.0,19.0,0.0,0.0,0.0,0.0,38,0.0
50,00590,2024,0.047619047619047616,0.0,0.0,4.571428571428571,0.0,3.1904761904761907,0.0,2,0.047619047619047616,0.9047619047619048,0.047619047619047616,0.0,0.0,95.23809523809523,0.5,1.0,0.0,0.0,0.9523809523809523,0.8571428571428571,0.14285714285714285,0.0,10.5,0.0,0.0,0.0,0.0,21,0.0
50,00606,2020,0.0,411559.6666666667,0.1111111111111111,5.153846153846154,1.0,3.8518518518518516,19.28453360747789,11,0.037037037037037035,0.8888888888888888,0.0,0.0,0.0,96.29629629629629,0.09090909090909091,1.0,0.0,33.33333333333333,0.9629629629629629,0.6296296296296297,0.1111111111111111,0.0,2.4545454545454546,0.07407407407407407,37.03703703703704,37.03703703703704,2.0,27,0.0
50,00606,2021,0.0,1688278324.909091,0.36363636363636365,5.7272727272727275,0.0,3.6818181818181817,0.0,11,0.0,0.6363636363636364,0.0,0.0,0.0,100.0,0.09090909090909091,1.0,0.0,0.0,1.0,0.4090909090909091,0.045454545454545456,0.09090909090909091,2.0,0.09090909090909091,0.0,0.0,0.0,22,0.0
50,00606,2022,0.0625,0.0,0.0,4.875,0.0,3.125,0.0,11,0.0625,0.875,0.0,0.0,0.0,100.0,0.09090909090909091,1.0,0.0,0.0,1.0,0.625,0.0,0.0,1.4545454545454546,0.0,0.0,0.0,0.0,16,0.0
50,00606,2023,0.0,0.0,0.0,5.25,0.0,3.3333333333333335,0.0,11,0.08333333333333333,1.0,0.0,0.0,0.0,100.0,0.09090909090909091,1.0,0.0,0.0,1.0,0.75,0.0,0.0,1.0909090909090908,0.0,0.0,0.0,0.0,12,0.0
50,00606,2024,0.0,0.0,0.0,5.461538461538462,0.0,3.769230769230769,0.0,11,0.0,0.6923076923076923,0.07692307692307693,0.0,0.0,100.0,0.09090909090909091,1.0,0.0,0.0,1.0,0.6153846153846154,0.15384615384615385,0.0,1.1818181818181819,0.0,0.0,0.0,0.0,13,0.0
50,00680,2020,0.08,2.4264262426228267e+20,0.16,5.62,1.0,3.52,100.0,1,0.0,0.92,0.0,0.0,0.04,100.0,1.0,1.0,0.0,100.0,1.0,0.62,0.0,0.0,50.0,0.16,20.0,20.0,1.0,50,0.04
50,00680,2021,0.022727272727272728,8.093666298434401e+19,0.22727272727272727,3.8372093023255816,2.0,3.25,100.0,1,0.11363636363636363,0.8636363636363636,0.06818181818181818,0.0,0.0,97.72727272727273,1.0,1.0,0.0,100.0,0.9772727272727273,0.5681818181818182,0.13636363636363635,0.0,44.0,0.1590909090909091,45.45454545454545,22.727272727272727,1.0,44,0.045454545454545456
50,00680,2022,0.0,0.0,0.0,4.419354838709677,0.0,3.161290322580645,0.0,1,0.03225806451612903,0.8387096774193549,0.03225806451612903,0.0,0.0,100.0,1.0,1.0,0.0,0.0,1.0,0.6129032258064516,0.0967741935483871,0.0,31.0,0.0,0.0,0.0,0.0,31,0.0
50,00680,2023,0.0,0.0,0.0,5.033333333333333,0.0,4.066666666666666,0.0,1,0.03333333333333333,0.8,0.0,0.0,0.0,100.0,1.0,1.0,0.0,0.0,1.0,0.5666666666666667,0.03333333333333333,0.0,30.0,0.0,0.0,0.0,0.0,30,0.0
50,00680,2024,0.03225806451612903,0.0,0.0,6.064516129032258,0.0,3.4516129032258065,0.0,1,0.0,0.8709677419354839,0.0967741935483871,0.0,0.0,100.0,1.0,1.0,0.0,0.0,1.0,0.6774193548387096,0.03225806451612903,0.0,31.0,0.0,0.0,0.0,1.0,31,0.0
50,00683,2020,0.0,6.904533744483481e+19,0.2631578947368421,5.0,0.0,4.052631578947368,0.0,2,0.10526315789473684,0.8947368421052632,0.0,0.0,0.0,100.0,0.5,1.0,0.0,0.0,1.0,0.8421052631578947,0.10526315789473684,0.0,9.5,0.5789473684210527,0.0,0.0,0.0,19,0.0
50,00683,2021,0.0,17158730172.142857,0.7142857142857143,5.142857142857143,0.0,4.285714285714286,0.0,2,0.0,0.7142857142857143,0.14285714285714285,0.0,0.0,100.0,0.5,1.0,0.0,0.0,1.0,0.8571428571428571,0.0,0.0,3.5,0.14285714285714285,0.0,0.0,0.0,7,0.2857142857142857
50,00683,2022,0.16666666666666666,0.0,0.0,4.666666666666667,0.0,4.0,0.0,2,0.0,0.8333333333333334,0.0,0.0,0.0,100.0,0.5,1.0,0.0,0.0,1.0,0.6666666666666666,0.0,0.0,3.0,0.0,0.0,0.0,0.0,6,0.0
50,00683,2023,0.0,0.0,0.0,2.8333333333333335,0.0,3.1666666666666665,0.0,2,0.0,1.0,0.16666666666666666,0.0,0.0,100.0,0.5,1.0,0.0,0.0,1.0,1.0,0.0,0.0,3.0,0.0,0.0,0.0,0.0,6,0.0
50,00683,2024,0.0,0.0,0.0,4.5,0.0,3.5,0.0,2,0.0,0.5,0.0,0.0,0.0,100.0,0.5,1.0,0.0,0.0,1.0,1.0,0.0,0.0,1.0,0.0,0.0,0.0,0.0,2,0.0
50,00686,2020,0.11764705882352941,0.058823529411764705,0.058823529411764705,5.1875,0.0,3.235294117647059,100.0,1,0.058823529411764705,0.8823529411764706,0.058823529411764705,0.0,0.0,94.11764705882352,1.0,1.0,0.0,100.0,0.9411764705882353,0.8235294117647058,0.058823529411764705,0.0,17.0,0.0,0.0,58.8235294117647,1.0,17,0.0
50,00686,2021,0.0625,6.9375,0.0625,5.75,0.0,3.8125,0.0,1,0.0,0.9375,0.0,0.0,0.0,100.0,1.0,1.0,0.0,0.0,1.0,0.9375,0.0,0.0,16.0,0.0625,0.0,0.0,0.0,16,0.0
50,00686,2022,0.0,0.0,0.0,6.0,1.0,3.6,0.0,1,0.0,1.0,0.2,0.0,0.0,100.0,1.0,1.0,0.0,100.0,1.0,1.0,0.0,0.0,5.0,0.0,200.0,0.0,0.0,5,0.0
50,00686,2023,0.0,0.0,0.0,6.0,0.0,4.25,0.0,1,0.0,0.875,0.0,0.0,0.0,100.0,1.0,1.0,0.0,0.0,1.0,0.875,0.0,0.0,8.0,0.0,0.0,0.0,0.0,8,0.0
50,00686,2024,0.0,0.0,0.0,6.0,0.0,4.0,0.0,1,0.0,1.0,0.0,0.0,0.0,100.0,1.0,1.0,0.0,0.0,1.0,1.0,0.0,0.0,2.0,0.0,0.0,0.0,0.0,2,0.0
50,00689,2020,0.046511627906976744,4.2165537630653723e+33,0.4186046511627907,5.857142857142857,2.0,3.744186046511628,0.0,17,0.023255813953488372,0.8837209302325582,0.023255813953488372,0.0,0.0,97.67441860465115,0.058823529411764705,1.0,0.0,100.0,0.9767441860465116,0.7209302325581395,0.06976744186046512,0.0,2.5294117647058822,0.13953488372093023,46.51162790697674,0.0,0.0,43,0.023255813953488372
50,00689,2021,0.029411764705882353,3.4400328874446164e+56,0.5,5.352941176470588,0.0,3.9411764705882355,0.0,17,0.029411764705882353,0.8823529411764706,0.0,0.0,0.0,97.05882352941177,0.058823529411764705,1.0,0.0,0.0,0.9705882352941176,0.5588235294117647,0.058823529411764705,0.029411764705882353,2.0,0.29411764705882354,0.0,0.0,0.0,34,0.2647058823529412
50,00689,2022,0.0,0.0,0.0,5.0476190476190474,0.0,3.8095238095238093,0.0,17,0.0,0.8571428571428571,0.047619047619047616,0.0,0.0,100.0,0.058823529411764705,1.0,0.0,0.0,1.0,0.7142857142857143,0.09523809523809523,0.047619047619047616,1.2352941176470589,0.0,0.0,0.0,0.0,21,0.0
50,00689,2023,0.0,0.0,0.0,5.0344827586206895,1.0,3.5517241379310347,0.0,17,0.034482758620689655,0.7586206896551724,0.06896551724137931,0.0,0.0,100.0,0.058823529411764705,1.0,0.0,100.0,1.0,0.6206896551724138,0.06896551724137931,0.0,1.7058823529411764,0.0,34.48275862068965,0.0,0.0,29,0.0
50,00689,2024,0.05128205128205128,0.0,0.0,6.230769230769231,0.0,3.717948717948718,0.0,17,0.0,0.7948717948717948,0.02564102564102564,0.0,0.0,100.0,0.058823529411764705,1.0,0.0,0.0,1.0,0.6153846153846154,0.0,0.0,2.2941176470588234,0.0,0.0,0.0,0.0,39,0.0
50,00711,2020,0.0,2.3893290114182785e+23,0.10891089108910891,3.739130434782609,1.0,3.4455445544554455,0.0,5,0.09900990099009901,0.9108910891089109,0.0297029702970297,0.0,0.0,91.0891089108911,0.2,1.0,0.0,100.0,0.9108910891089109,0.8811881188118812,0.19801980198019803,0.009900990099009901,20.2,0.039603960396039604,9.900990099009901,0.0,1.0,101,0.009900990099009901
50,00711,2021,0.030303030303030304,8.26836704747595e+45,0.22727272727272727,4.096774193548387,2.0,3.3333333333333335,0.0,5,0.12121212121212122,0.9393939393939394,0.045454545454545456,0.0,0.0,92.42424242424242,0.2,1.0,0.0,100.0,0.9242424242424242,0.9090909090909091,0.19696969696969696,0.0,13.2,0.25757575757575757,30.303030303030305,0.0,0.0,66,0.07575757575757576
50,00711,2022,0.01818181818181818,0.0,0.0,3.8,1.0,3.6545454545454548,0.0,5,0.09090909090909091,0.9090909090909091,0.03636363636363636,0.0,0.0,98.18181818181819,0.2,1.0,0.0,100.0,0.9818181818181818,0.8363636363636363,0.09090909090909091,0.0,11.0,0.0,18.18181818181818,0.0,0.0,55,0.0
50,00711,2023,0.0,0.0,0.0,4.545454545454546,0.0,3.4545454545454546,0.0,5,0.0,1.0,0.0,0.0,0.0,100.0,0.2,1.0,0.0,0.0,1.0,0.9090909090909091,0.09090909090909091,0.0,2.2,0.0,0.0,0.0,1.0,11,0.0
50,00711,2024,0.0,0.0,0.0,5.052631578947368,0.0,4.157894736842105,0.0,5,0.0,1.0,0.15789473684210525,0.0,0.0,100.0,0.2,1.0,0.0,0.0,1.0,0.9473684210526315,0.0,0.0,3.8,0.0,0.0,0.0,0.0,19,0.0
81,00001,2020,0.011090573012939002,1.444202914469188e+41,0.0073937153419593345,4.446470313230481,246.0,3.4824399260628467,4.487540597766418,127,0.013401109057301294,0.8230129390018485,0.07162661737523106,0.35304990757855825,0.007855822550831794,98.47504621072089,0.08661417322834646,1.0,0.0,94.16342412451361,0.9838262476894639,0.45748613678373384,0.05591497227356747,0.01432532347504621,17.03937007874016,0.0036968576709796672,113.67837338262477,4.621072088724585,11.0,2164,0.0013863216266173752
81,00001,2021,0.011909825606125054,4.6411446668334947e+55,0.004678860059549128,4.5886889460154245,165.0,3.478945129732029,1.9008268205403862,127,0.008507018290089324,0.8370905997447895,0.07783921735431731,0.3683538919608677,0.018290089323692044,98.93662271373883,0.08661417322834646,1.0,0.0,96.57142857142857,0.9893662271373883,0.4636324968098681,0.057422373458102936,0.013611229264142918,18.511811023622048,0.0076563164610803916,70.18290089323692,1.7014036580178649,10.0,2351,0.0038281582305401958
81,00001,2022,0.0262582056892779,0.0,0.0,4.788261108063631,153.0,3.5924507658643328,4.4132510739516055,127,0.012582056892778994,0.8183807439824945,0.0836980306345733,0.37472647702407,0.02024070021881838,98.63238512035011,0.08661417322834646,0.99945295404814,0.0005470459518599562,97.0059880239521,0.9835886214442013,0.5886214442013129,0.05908096280087528,0.010393873085339168,14.393700787401574,0.0,83.6980306345733,6.017505470459519,14.0,1828,0.0
81,00001,2023,0.028236914600550965,0.0,0.0,5.0764462809917354,145.0,3.637052341597796,1.043894423651956,127,0.006887052341597796,0.7424242424242424,0.07506887052341597,0.38292011019283745,0.02066115702479339,99.17355371900827,0.08661417322834646,1.0,0.0,98.0,0.9917355371900827,0.65633608815427,0.045454545454545456,0.0048209366391184574,11.433070866141732,0.0,99.86225895316804,2.066115702479339,5.0,1452,0.0
81,00001,2024,0.005050505050505051,0.0,0.0,5.117944397641112,107.0,3.7062289562289563,0.6211296832905001,127,0.005892255892255892,0.7971380471380471,0.0707070707070707,0.4132996632996633,0.020202020202020204,99.32659932659934,0.08661417322834646,0.9991582491582491,0.0008417508417508417,97.32142857142857,0.9924242424242424,0.6927609427609428,0.03367003367003367,0.006734006734006734,9.354330708661417,0.0,90.06734006734007,1.6835016835016834,5.0,1188,0.0
81,00065,2020,0.1493212669683258,5.102675035813946e+38,0.03619909502262444,3.746192893401015,11.0,3.5475113122171944,0.0,30,0.39819004524886875,0.7918552036199095,0.04524886877828054,0.0,0.0,90.49773755656109,0.3,1.0,0.0,91.66666666666666,0.9049773755656109,0.6108597285067874,0.18099547511312217,0.0,7.366666666666666,0.04524886877828054,49.77375565610859,0.0,1.0,221,0.04524886877828054
81,00065,2021,0.12,1.827606729391606e+55,0.08,3.7327188940092166,6.0,3.3866666666666667,0.0,30,0.3422222222222222,0.8088888888888889,0.057777777777777775,0.0,0.0,91.11111111111111,0.3,1.0,0.0,85.71428571428571,0.9111111111111111,0.5644444444444444,0.1688888888888889,0.0,7.5,0.07555555555555556,26.666666666666668,0.0,1.0,225,0.07555555555555556
81,00065,2022,0.0625,0.0,0.0,3.6666666666666665,3.0,4.21875,0.0,30,0.40625,0.875,0.025,0.0,0.0125,90.0,0.3,0.99375,0.00625,100.0,0.88125,0.71875,0.20625,0.00625,5.333333333333333,0.0,18.75,0.0,0.0,160,0.0
81,00065,2023,0.06569343065693431,0.0,0.0,4.445255474452555,3.0,3.4452554744525545,0.0,30,0.30656934306569344,0.8978102189781022,0.072992700729927,0.0072992700729927005,0.0,94.16058394160584,0.3,1.0,0.0,100.0,0.9343065693430657,0.7372262773722628,0.10218978102189781,0.0,4.566666666666666,0.0,21.897810218978105,0.0,0.0,137,0.0
81,00065,2024,0.024,0.0,0.0,4.0508474576271185,2.0,5.888,0.0,30,0.408,0.896,0.048,0.0,0.0,89.60000000000001,0.3,0.976,0.024,100.0,0.84,0.76,0.264,0.064,4.166666666666667,0.0,16.0,0.0,0.0,125,0.0
81,00220,2020,0.0,504273.57692307694,0.07692307692307693,4.961538461538462,0.0,3.6153846153846154,0.0,1,0.038461538461538464,0.8846153846153846,0.11538461538461539,0.0,0.0,100.0,1.0,1.0,0.0,0.0,1.0,0.6538461538461539,0.07692307692307693,0.038461538461538464,26.0,0.07692307692307693,0.0,0.0,0.0,26,0.07692307692307693
81,00220,2021,0.12244897959183673,49247396594.12245,0.12244897959183673,4.020833333333333,2.0,3.4285714285714284,0.0,1,0.04081632653061224,0.6938775510204082,0.04081632653061224,0.0,0.0,97.95918367346938,1.0,1.0,0.0,100.0,0.9795918367346939,0.7755102040816326,0.24489795918367346,0.02040816326530612,49.0,0.061224489795918366,40.816326530612244,0.0,0.0,49,0.04081632653061224
81,00220,2022,0.5357142857142857,0.0,0.0,3.1785714285714284,0.0,3.2142857142857144,100.0,1,0.03571428571428571,0.8928571428571429,0.07142857142857142,0.0,0.0,92.85714285714286,1.0,1.0,0.0,100.0,0.9285714285714286,0.8214285714285714,0.07142857142857142,0.0,28.0,0.0,0.0,35.714285714285715,1.0,28,0.0
81,00220,2023,0.07142857142857142,0.0,0.0,5.214285714285714,0.0,4.214285714285714,100.0,1,0.07142857142857142,0.8571428571428571,0.0,0.0,0.0,100.0,1.0,1.0,0.0,100.0,1.0,0.7142857142857143,0.14285714285714285,0.0,14.0,0.0,0.0,71.42857142857143,1.0,14,0.0
81,00220,2024,0.05263157894736842,0.0,0.0,4.052631578947368,0.0,3.3157894736842106,0.0,1,0.15789473684210525,0.6842105263157895,0.21052631578947367,0.0,0.0,100.0,1.0,1.0,0.0,0.0,1.0,0.8421052631578947,0.05263157894736842,0.0,19.0,0.0,0.0,0.0,0.0,19,0.0
81,00300,2020,0.03418803418803419,2.7468488208385624e+25,0.05982905982905983,4.63,2.0,3.5213675213675213,0.0,21,0.1794871794871795,0.7692307692307693,0.03418803418803419,0.0,0.0,84.61538461538461,0.2857142857142857,1.0,0.0,100.0,0.8461538461538461,0.8205128205128205,0.23076923076923078,0.008547008547008548,5.571428571428571,0.042735042735042736,17.094017094017097,0.0,0.0,117,0.05128205128205128
81,00300,2021,0.06837606837606838,1547975336.4529915,0.02564102564102564,4.86734693877551,3.0,3.427350427350427,0.0,21,0.24786324786324787,0.7606837606837606,0.05128205128205128,0.0,0.0,82.90598290598291,0.2857142857142857,1.0,0.0,100.0,0.8290598290598291,0.7863247863247863,0.28205128205128205,0.0,5.571428571428571,0.042735042735042736,25.64102564102564,0.0,0.0,117,0.008547008547008548
81,00300,2022,0.031746031746031744,0.0,0.0,3.3833333333333333,9.0,3.3174603174603177,0.0,21,0.3333333333333333,0.7619047619047619,0.047619047619047616,0.0,0.0,85.71428571428571,0.2857142857142857,1.0,0.0,90.0,0.8571428571428571,0.7936507936507936,0.2698412698412698,0.0,3.0,0.0,142.85714285714286,0.0,1.0,63,0.0
81,00300,2023,0.0,0.0,0.0,4.426229508196721,6.0,3.19672131147541,5.489693332503476,21,0.22950819672131148,0.819672131147541,0.03278688524590164,0.0,0.0,80.32786885245902,0.2857142857142857,1.0,0.0,71.42857142857143,0.8032786885245902,0.8032786885245902,0.21311475409836064,0.0,2.9047619047619047,0.0,98.36065573770492,16.393442622950822,1.0,61,0.0
81,00300,2024,0.028985507246376812,0.0,0.0,3.8260869565217392,2.0,3.782608695652174,0.0,21,0.34782608695652173,0.782608695652174,0.057971014492753624,0.0,0.0,81.15942028985508,0.2857142857142857,1.0,0.0,100.0,0.7971014492753623,0.9130434782608695,0.2028985507246377,0.028985507246376812,3.2857142857142856,0.0,28.985507246376812,0.0,0.0,69,0.0
81,00591,2020,0.15,55530.525,0.075,4.1,0.0,3.325,0.0,3,0.025,0.9,0.025,0.0,0.0,97.5,0.3333333333333333,1.0,0.0,0.0,0.975,0.8,0.05,0.0,13.333333333333334,0.05,0.0,0.0,0.0,40,0.0
81,00591,2021,0.10869565217391304,2415.4565217391305,0.043478260869565216,3.9782608695652173,1.0,3.0869565217391304,0.0,3,0.021739130434782608,0.782608695652174,0.021739130434782608,0.0,0.0,97.82608695652173,0.3333333333333333,1.0,0.0,100.0,0.9782608695652174,0.6956521739130435,0.06521739130434782,0.0,15.333333333333334,0.043478260869565216,21.73913043478261,0.0,0.0,46,0.021739130434782608
81,00591,2022,0.05,0.0,0.0,4.575,0.0,3.3,0.0,3,0.0,0.95,0.025,0.0,0.0,100.0,0.3333333333333333,1.0,0.0,0.0,1.0,0.775,0.025,0.0,13.333333333333334,0.0,0.0,0.0,0.0,40,0.0
81,00591,2023,0.05555555555555555,0.0,0.0,4.888888888888889,2.0,3.6666666666666665,0.0,3,0.16666666666666666,0.7222222222222222,0.0,0.0,0.0,94.44444444444444,0.3333333333333333,1.0,0.0,100.0,0.9444444444444444,0.9444444444444444,0.05555555555555555,0.0,6.0,0.0,111.1111111111111,0.0,0.0,18,0.0
81,00591,2024,0.047619047619047616,0.0,0.0,4.095238095238095,2.0,3.3333333333333335,0.0,3,0.047619047619047616,0.9047619047619048,0.0,0.0,0.0,100.0,0.3333333333333333,1.0,0.0,100.0,1.0,0.8571428571428571,0.047619047619047616,0.0,7.0,0.0,95.23809523809523,0.0,0.0,21,0.0
81,00736,2020,0.01957713390759593,5.133998525506175e+33,0.003915426781519186,4.502568154879494,413.0,3.5548159749412687,22.522689627704843,71,0.009788566953797965,0.8054032889584964,0.04385277995301488,0.4287392325763508,0.018010963194988253,98.5904463586531,0.14084507042253522,1.0,0.0,99.29906542056075,0.9859044635865309,0.6558339859044636,0.09945184025058731,0.006264682850430697,35.971830985915496,0.003523884103367267,161.70712607674236,5.481597494126859,15.0,2554,0.0015661707126076742
81,00736,2021,0.019062142584826535,1.6093092308967276e+40,0.0072436141822340835,4.790688726433244,426.0,3.544414792222646,4.919516118830704,71,0.011437285550895921,0.8120472741136103,0.050705299275638584,0.3987800228745711,0.01677468547464735,98.7800228745711,0.14084507042253522,1.0,0.0,98.37209302325581,0.9874189858940144,0.6641250476553565,0.08997331300038124,0.01105604269919939,36.943661971830984,0.002668699961875715,162.40945482272207,1.143728555089592,4.0,2623,0.0015249714067861228
81,00736,2022,0.016841147018661812,0.0,0.0,5.240656335460346,325.0,3.614929449248976,7.23943663025155,71,0.010013654984069186,0.7819754210286755,0.04460628129267182,0.40828402366863903,0.013654984069185253,98.99863450159309,0.14084507042253522,1.0,0.0,98.79154078549848,0.9899863450159309,0.7346381429221666,0.07464724624487938,0.005461993627674101,30.943661971830984,0.0,147.92899408284023,2.2758306781975417,6.0,2197,0.0
81,00736,2023,0.01347978032950574,0.0,0.0,5.411382925611583,306.0,3.7204193709435844,5.4415873418445715,71,0.0074887668497254116,0.747378931602596,0.04143784323514728,0.3969046430354468,0.004992511233150275,99.35097353969047,0.14084507042253522,1.0,0.0,98.3974358974359,0.9925112331502746,0.782326510234648,0.05741387918122816,0.0044932601098352475,28.211267605633804,0.0,152.7708437343984,1.99700449326011,6.0,2003,0.0
81,00736,2024,0.011072261072261072,0.0,0.0,5.686297376093295,278.0,3.6794871794871793,9.847021407003385,71,0.012237762237762238,0.7342657342657343,0.04836829836829837,0.44813519813519814,0.018065268065268064,98.71794871794873,0.14084507042253522,1.0,0.0,97.23183391003461,0.9854312354312355,0.7977855477855478,0.05652680652680653,0.008158508158508158,24.169014084507044,0.0,162.004662004662,4.662004662004662,11.0,1716,0.0
81,00794,2020,0.01727447216890595,6.666304846472407e+58,0.03262955854126679,3.580568720379147,10.0,3.5163147792706333,0.0,82,0.3493282149712092,0.8214971209213052,0.028790786948176585,0.0,0.005758157389635317,82.14971209213053,0.14634146341463414,1.0,0.0,64.28571428571429,0.8195777351247601,0.763915547024952,0.29558541266794625,0.02111324376199616,6.353658536585366,0.02111324376199616,19.193857965451055,0.0,4.0,521,0.030710172744721688
81,00794,2021,0.020036429872495445,7.486543238854483e+55,0.03460837887067395,3.8347457627118646,10.0,3.469945355191257,1.0546153212506857,82,0.32786885245901637,0.8688524590163934,0.04553734061930783,0.0,0.0,85.42805100182149,0.14634146341463414,1.0,0.0,92.3076923076923,0.8542805100182149,0.7486338797814208,0.24043715846994534,0.0036429872495446266,6.695121951219512,0.023679417122040074,18.214936247723134,3.6429872495446265,3.0,549,0.020036429872495445
81,00794,2022,0.011682242990654205,0.0,0.0,3.73019801980198,5.0,3.5957943925233646,0.48618867587962145,82,0.2570093457943925,0.8130841121495327,0.04672897196261682,0.007009345794392523,0.0,85.51401869158879,0.14634146341463414,1.0,0.0,100.0,0.8551401869158879,0.7780373831775701,0.2336448598130841,0.007009345794392523,5.219512195121951,0.0,11.682242990654204,2.336448598130841,1.0,428,0.0
81,00794,2023,0.01593625498007968,0.0,0.0,3.8247011952191237,10.0,3.553784860557769,0.0,82,0.24701195219123506,0.8565737051792829,0.027888446215139442,0.0,0.0,82.86852589641434,0.14634146341463414,1.0,0.0,83.33333333333334,0.8247011952191236,0.8406374501992032,0.16334661354581673,0.00398406374501992,3.0609756097560976,0.0,39.8406374501992,0.0,2.0,251,0.0
81,00794,2024,0.004651162790697674,0.0,0.0,3.94811320754717,11.0,4.618604651162791,0.0,82,0.32558139534883723,0.8372093023255814,0.04186046511627907,0.0,0.0,75.34883720930232,0.14634146341463414,0.9906976744186047,0.009302325581395349,91.66666666666666,0.7395348837209302,0.8325581395348837,0.26046511627906976,0.023255813953488372,2.6219512195121952,0.0,51.16279069767442,0.0,1.0,215,0.0
85,00001,2020,0.027902439024390244,0.07629268292682927,0.0005853658536585366,4.805544709098009,75.0,3.7992195121951218,3.7916355724816087,344,0.004292682926829269,0.6987317073170731,0.06887804878048781,0.45834146341463416,0.024390243902439025,99.62926829268292,0.03197674418604651,1.0,0.0,87.27272727272727,0.9959024390243902,0.5160975609756098,0.12429268292682927,0.018536585365853658,14.898255813953488,0.0,14.634146341463415,6.2439024390243905,35.0,5125,0.0
85,00001,2021,0.02960399846212995,0.19473279507881583,0.0,5.174740484429066,54.0,3.816224529027297,2.6394610447204614,344,0.0017301038062283738,0.7349096501345637,0.06632064590542099,0.4361783929257978,0.01441753171856978,99.75009611687813,0.03197674418604651,1.0,0.0,83.33333333333334,0.9975009611687813,0.5538254517493272,0.11130334486735871,0.020569011918492888,15.122093023255815,0.00019223375624759708,10.380622837370241,4.2291426374471355,30.0,5202,0.00038446751249519417
85,00001,2022,0.020336894001643385,0.0,0.0,5.552999178307313,38.0,3.8746918652423994,3.2922363839328916,344,0.0006162695152013147,0.7089153656532456,0.06306491372226787,0.45110928512736237,0.01314708299096138,99.83566146261298,0.03197674418604651,1.0,0.0,84.4155844155844,0.998151191454396,0.5721035332785538,0.07271980279375513,0.0209531635168447,14.151162790697674,0.0,7.80608052588332,5.957271980279375,39.0,4868,0.0
85,00001,2023,0.008707300736771601,0.0,0.0,5.6269256530475555,29.0,3.957133288680509,2.332254384155392,344,0.0011163206072784104,0.6753739674034382,0.06787229292252735,0.44273275284661756,0.018977450323732978,99.93302076356329,0.03197674418604651,1.0,0.0,82.75862068965517,0.9991069435141773,0.5918731859790132,0.04688546550569324,0.005804867157847734,13.020348837209303,0.0,6.47465952221478,4.911810672025006,29.0,4479,0.0
85,00001,2024,0.010058231868713605,0.0,0.0,5.84356802541027,28.0,3.9518263631551087,1.664404785377113,344,0.00026469031233456857,0.6476971942826892,0.06220222339862361,0.48544203282159876,0.01270513499205929,99.86765484383272,0.03197674418604651,1.0,0.0,67.3076923076923,0.9984118581259925,0.5971413446267867,0.037056643726839596,0.006352567496029645,10.982558139534884,0.0,7.4113287453679195,4.764425622022234,24.0,3778,0.0
85,00010,2020,0.036231884057971016,0.0,0.0,5.233576642335766,0.0,3.652173913043478,0.0,48,0.007246376811594203,0.8188405797101449,0.007246376811594203,0.0,0.0,99.27536231884058,0.041666666666666664,1.0,0.0,0.0,0.9927536231884058,0.6086956521739131,0.15217391304347827,0.0,2.875,0.0,0.0,0.0,1.0,138,0.0
85,00010,2021,0.0547945205479452,0.14383561643835616,0.0,5.136986301369863,2.0,3.506849315068493,0.0,48,0.00684931506849315,0.8698630136986302,0.0410958904109589,0.0,0.0,100.0,0.041666666666666664,1.0,0.0,100.0,1.0,0.636986301369863,0.1506849315068493,0.0,3.0416666666666665,0.00684931506849315,13.698630136986301,0.0,0.0,146,0.00684931506849315
85,00010,2022,0.01818181818181818,0.0,0.0,5.463636363636364,0.0,3.5545454545454547,0.0,48,0.00909090909090909,0.8181818181818182,0.045454545454545456,0.0,0.0,100.0,0.041666666666666664,1.0,0.0,0.0,1.0,0.6,0.1,0.0,2.2916666666666665,0.0,0.0,0.0,2.0,110,0.0
85,00010,2023,0.024390243902439025,0.0,0.0,6.012195121951219,0.0,3.768292682926829,0.0,48,0.0,0.7073170731707317,0.036585365853658534,0.0,0.0,100.0,0.041666666666666664,1.0,0.0,0.0,1.0,0.6829268292682927,0.04878048780487805,0.012195121951219513,1.7083333333333333,0.0,0.0,0.0,3.0,82,0.0
85,00010,2024,0.046875,0.0,0.0,7.015625,0.0,3.6875,0.0,48,0.03125,0.765625,0.03125,0.0,0.0,100.0,0.041666666666666664,1.0,0.0,0.0,1.0,0.671875,0.0,0.0,1.3333333333333333,0.0,0.0,0.0,0.0,64,0.0
85,00015,2020,0.0,0.0,0.0,5.142857142857143,0.0,4.0,0.0,1,0.0,1.0,0.0,0.0,0.0,100.0,1.0,1.0,0.0,0.0,1.0,0.8571428571428571,0.14285714285714285,0.0,7.0,0.0,0.0,0.0,0.0,7,0.0
85,00015,2021,0.0,0.0,0.0,6.714285714285714,0.0,4.428571428571429,0.0,1,0.0,0.5714285714285714,0.0,0.0,0.0,100.0,1.0,1.0,0.0,0.0,1.0,0.7142857142857143,0.0,0.0,7.0,0.0,0.0,0.0,0.0,7,0.0
85,00015,2022,0.0,0.0,0.0,5.142857142857143,0.0,4.0,0.0,1,0.0,0.8571428571428571,0.2857142857142857,0.0,0.0,100.0,1.0,1.0,0.0,0.0,1.0,0.8571428571428571,0.0,0.0,7.0,0.0,0.0,0.0,0.0,7,0.0
85,00015,2023,0.0,0.0,0.0,5.666666666666667,0.0,4.0,0.0,1,0.0,1.0,0.0,0.0,0.0,100.0,1.0,1.0,0.0,0.0,1.0,1.0,0.0,0.0,3.0,0.0,0.0,0.0,0.0,3,0.0
85,00015,2024,0.0,0.0,0.0,5.0,0.0,4.5,0.0,1,0.0,0.75,0.0,0.0,0.0,100.0,1.0,1.0,0.0,0.0,1.0,0.75,0.25,0.0,4.0,0.0,0.0,0.0,0.0,4,0.0
85,00125,2020,0.06481481481481481,0.0,0.0,4.052083333333333,1.0,3.388888888888889,0.0,5,0.4537037037037037,0.9444444444444444,0.009259259259259259,0.0,0.018518518518518517,91.66666666666666,0.4,1.0,0.0,100.0,0.8888888888888888,0.8703703703703703,0.14814814814814814,0.0,21.6,0.0,9.25925925925926,0.0,0.0,108,0.0
85,00125,2021,0.018691588785046728,0.0,0.0,4.515789473684211,0.0,3.439252336448598,0.0,5,0.2897196261682243,0.897196261682243,0.018691588785046728,0.0,0.0,96.26168224299066,0.4,1.0,0.0,0.0,0.9626168224299065,0.8411214953271028,0.19626168224299065,0.0,21.4,0.0,0.0,0.0,0.0,107,0.0
85,00125,2022,0.0,0.0,0.0,4.876923076923077,1.0,3.476923076923077,0.0,5,0.16923076923076924,0.8923076923076924,0.06153846153846154,0.0,0.0,95.38461538461539,0.4,1.0,0.0,100.0,0.9384615384615385,0.8307692307692308,0.1076923076923077,0.015384615384615385,13.0,0.0,15.384615384615385,0.0,0.0,65,0.0
85,00125,2023,0.08571428571428572,0.0,0.0,5.696969696969697,0.0,6.514285714285714,100.0,5,0.14285714285714285,0.9142857142857143,0.05714285714285714,0.0,0.0,100.0,0.4,0.9714285714285714,0.02857142857142857,100.0,0.9142857142857143,0.8,0.08571428571428572,0.05714285714285714,7.0,0.0,0.0,57.14285714285714,2.0,35,0.0
85,00125,2024,0.02631578947368421,0.0,0.0,4.837837837837838,2.0,3.6052631578947367,93.28110634246855,5,0.2894736842105263,0.9473684210526315,0.07894736842105263,0.0,0.0,100.0,0.4,1.0,0.0,100.0,0.9736842105263158,0.7631578947368421,0.10526315789473684,0.02631578947368421,7.6,0.0,52.63157894736842,26.31578947368421,1.0,38,0.0
85,00136,2020,0.0,0.0,0.0,4.5,0.0,4.0,0.0,1,0.3333333333333333,1.0,0.0,0.0,0.0,66.66666666666666,1.0,1.0,0.0,0.0,0.6666666666666666,1.0,0.3333333333333333,0.0,3.0,0.0,0.0,0.0,0.0,3,0.0
85,00136,2021,0.0,0.0,0.0,9.0,0.0,3.3333333333333335,0.0,1,0.0,1.0,0.0,0.0,0.0,100.0,1.0,1.0,0.0,0.0,1.0,0.6666666666666666,0.0,0.0,3.0,0.0,0.0,0.0,0.0,3,0.0
85,00136,2022,0.0,0.0,0.0,7.0,0.0,3.6666666666666665,0.0,1,0.0,1.0,0.0,0.0,0.0,100.0,1.0,1.0,0.0,0.0,1.0,1.0,0.0,0.0,3.0,0.0,0.0,0.0,0.0,3,0.0
85,00136,2023,0.0,0.0,0.0,1.0,0.0,4.0,0.0,1,1.0,0.0,0.0,0.0,0.0,100.0,1.0,1.0,0.0,0.0,1.0,1.0,0.0,0.0,1.0,0.0,0.0,0.0,0.0,1,0.0
85,00139,2020,0.04424778761061947,0.0,0.0,2.455357142857143,1.0,3.265486725663717,0.0,10,0.05309734513274336,0.9734513274336283,0.035398230088495575,0.0,0.008849557522123894,99.11504424778761,0.1,1.0,0.0,100.0,0.9823008849557522,0.504424778761062,0.2831858407079646,0.0,11.3,0.0,8.849557522123893,0.0,0.0,113,0.0
85,00139,2021,0.06451612903225806,0.0,0.0,3.0725806451612905,0.0,3.3870967741935485,0.0,10,0.04032258064516129,0.9193548387096774,0.03225806451612903,0.0,0.0,99.19354838709677,0.1,1.0,0.0,0.0,0.9919354838709677,0.4596774193548387,0.18548387096774194,0.008064516129032258,12.4,0.0,0.0,0.0,0.0,124,0.0
85,00139,2022,0.05084745762711865,0.0,0.0,3.694915254237288,2.0,3.5762711864406778,0.0,10,0.05084745762711865,0.8983050847457628,0.06779661016949153,0.0,0.0,100.0,0.1,1.0,0.0,100.0,0.9830508474576272,0.6440677966101694,0.1016949152542373,0.0,5.9,0.0,33.898305084745765,0.0,0.0,59,0.0
85,00139,2023,0.0847457627118644,0.0,0.0,3.6610169491525424,0.0,3.6779661016949152,0.0,10,0.03389830508474576,0.9491525423728814,0.01694915254237288,0.0,0.0,100.0,0.1,1.0,0.0,0.0,1.0,0.711864406779661,0.13559322033898305,0.0,5.9,0.0,0.0,0.0,0.0,59,0.0
85,00139,2024,0.023255813953488372,0.0,0.0,4.4186046511627906,0.0,3.697674418604651,0.0,10,0.023255813953488372,0.9069767441860465,0.06976744186046512,0.0,0.0,100.0,0.1,1.0,0.0,0.0,1.0,0.6976744186046512,0.06976744186046512,0.0,4.3,0.0,0.0,0.0,0.0,43,0.0
85,00162,2020,0.012048192771084338,0.0,0.0,3.9759036144578315,1.0,3.8072289156626504,0.0,16,0.0,0.7831325301204819,0.03614457831325301,0.0,0.024096385542168676,100.0,0.0625,1.0,0.0,100.0,1.0,0.4578313253012048,0.24096385542168675,0.012048192771084338,5.1875,0.0,12.048192771084338,0.0,0.0,83,0.0
85,00162,2021,0.02702702702702703,0.0,0.0,4.851351351351352,1.0,3.635135135135135,9.556939607885422,16,0.013513513513513514,0.918918918918919,0.0,0.0,0.0,100.0,0.0625,1.0,0.0,50.0,1.0,0.5945945945945946,0.10810810810810811,0.0,4.625,0.0,13.513513513513514,13.513513513513514,1.0,74,0.0
85,00162,2022,0.05172413793103448,0.0,0.0,4.517241379310345,1.0,3.793103448275862,0.0,16,0.0,0.8275862068965517,0.017241379310344827,0.0,0.0,100.0,0.0625,1.0,0.0,100.0,1.0,0.6551724137931034,0.1206896551724138,0.0,3.625,0.0,17.241379310344826,0.0,1.0,58,0.0
85,00162,2023,0.027777777777777776,0.0,0.0,4.361111111111111,0.0,3.7777777777777777,9.220973734495095,16,0.05555555555555555,0.7222222222222222,0.05555555555555555,0.0,0.0,100.0,0.0625,1.0,0.0,100.0,1.0,0.6666666666666666,0.19444444444444445,0.0,2.25,0.0,0.0,27.777777777777775,1.0,36,0.0
85,00162,2024,0.041666666666666664,0.0,0.0,4.833333333333333,2.0,3.9166666666666665,0.0,16,0.0,0.8333333333333334,0.041666666666666664,0.0,0.0,100.0,0.0625,1.0,0.0,100.0,1.0,0.7083333333333334,0.125,0.0,1.5,0.0,83.33333333333333,0.0,0.0,24,0.0
85,00225,2020,0.024390243902439025,0.0,0.0,3.425,1.0,3.5365853658536586,0.0,3,0.3902439024390244,0.975609756097561,0.0,0.0,0.0,73.17073170731707,0.3333333333333333,1.0,0.0,50.0,0.7073170731707317,0.926829268292683,0.14634146341463414,0.0,13.666666666666666,0.0,24.390243902439025,0.0,1.0,41,0.0
85,00225,2021,0.03125,0.0,0.0,2.6206896551724137,0.0,3.6875,0.0,3,0.59375,0.90625,0.09375,0.0,0.0,62.5,0.3333333333333333,1.0,0.0,0.0,0.59375,0.96875,0.375,0.0,10.666666666666666,0.0,0.0,0.0,0.0,32,0.0
85,00225,2022,0.09523809523809523,0.0,0.0,2.8,0.0,3.4285714285714284,100.0,3,0.5714285714285714,1.0,0.047619047619047616,0.0,0.0,61.904761904761905,0.3333333333333333,1.0,0.0,0.0,0.6190476190476191,0.9523809523809523,0.3333333333333333,0.0,7.0,0.0,0.0,47.61904761904761,1.0,21,0.0
85,00225,2023,0.0,0.0,0.0,3.0714285714285716,0.0,3.4285714285714284,0.0,3,0.5,1.0,0.0,0.0,0.0,85.71428571428571,0.3333333333333333,1.0,0.0,0.0,0.8571428571428571,0.9285714285714286,0.2857142857142857,0.0,4.666666666666667,0.0,0.0,0.0,0.0,14,0.0
85,00225,2024,0.0,0.0,0.0,3.7,0.0,3.8333333333333335,0.0,3,0.16666666666666666,1.0,0.08333333333333333,0.0,0.0,91.66666666666666,0.3333333333333333,1.0,0.0,0.0,0.75,0.8333333333333334,0.3333333333333333,0.16666666666666666,4.0,0.0,0.0,0.0,0.0,12,0.0
85,00230,2020,0.039473684210526314,0.0,0.0,3.696969696969697,1.0,3.8157894736842106,0.0,5,0.18421052631578946,0.8947368421052632,0.06578947368421052,0.0,0.0,86.8421052631579,0.2,1.0,0.0,0.0,0.868421052631579,0.8026315789473685,0.21052631578947367,0.013157894736842105,15.2,0.0,13.157894736842104,0.0,0.0,76,0.0
85,00230,2021,0.04395604395604396,0.0,0.0,3.3373493975903616,0.0,3.4835164835164836,0.0,5,0.17582417582417584,0.978021978021978,0.04395604395604396,0.0,0.0,84.61538461538461,0.2,1.0,0.0,0.0,0.8461538461538461,0.8461538461538461,0.24175824175824176,0.0,18.2,0.0,0.0,0.0,0.0,91,0.0
85,00230,2022,0.10909090909090909,0.0,0.0,2.8545454545454545,1.0,3.618181818181818,0.0,5,0.14545454545454545,1.0,0.05454545454545454,0.0,0.0,90.9090909090909,0.2,1.0,0.0,100.0,0.9090909090909091,0.8727272727272727,0.2545454545454545,0.0,11.0,0.0,18.18181818181818,0.0,0.0,55,0.0
85,00230,2023,0.017857142857142856,0.0,0.0,3.4423076923076925,1.0,3.4285714285714284,0.0,5,0.07142857142857142,0.9464285714285714,0.03571428571428571,0.0,0.0,94.64285714285714,0.2,1.0,0.0,100.0,0.875,0.8035714285714286,0.16071428571428573,0.07142857142857142,11.2,0.0,17.857142857142858,0.0,0.0,56,0.0
85,00230,2024,0.044444444444444446,0.0,0.0,4.642857142857143,0.0,3.7111111111111112,0.0,5,0.08888888888888889,0.8888888888888888,0.06666666666666667,0.0,0.0,100.0,0.2,1.0,0.0,0.0,0.9111111111111111,0.8222222222222222,0.15555555555555556,0.06666666666666667,9.0,0.0,0.0,0.0,0.0,45,0.0
85,00250,2020,0.0219435736677116,0.050156739811912224,0.0,3.841423948220065,0.0,3.6175548589341693,4.403377121778716,37,0.14733542319749215,0.9498432601880877,0.04075235109717868,0.0,0.012539184952978056,99.05956112852664,0.02702702702702703,1.0,0.0,100.0,0.987460815047022,0.8056426332288401,0.1974921630094044,0.003134796238244514,8.621621621621621,0.0,0.0,6.269592476489028,2.0,319,0.003134796238244514
85,00250,2021,0.043076923076923075,126.49538461538461,0.0,4.115511551155116,2.0,3.596923076923077,2.2116680859977134,37,0.16615384615384615,0.9076923076923077,0.055384615384615386,0.0,0.0,95.6923076923077,0.02702702702702703,1.0,0.0,100.0,0.9569230769230769,0.7538461538461538,0.2153846153846154,0.009230769230769232,8.783783783783784,0.006153846153846154,6.153846153846154,3.076923076923077,1.0,325,0.006153846153846154
85,00250,2022,0.03070175438596491,0.0,0.0,4.666666666666667,2.0,3.5789473684210527,2.050292881487363,37,0.08771929824561403,0.8728070175438597,0.05701754385964912,0.0,0.0,96.05263157894737,0.02702702702702703,1.0,0.0,66.66666666666666,0.9517543859649122,0.7763157894736842,0.14912280701754385,0.0043859649122807015,6.162162162162162,0.0,8.771929824561402,4.385964912280701,1.0,228,0.0
85,00250,2023,0.011764705882352941,0.0,0.0,4.578313253012048,1.0,3.6058823529411765,0.0,37,0.08235294117647059,0.8823529411764706,0.07647058823529412,0.0,0.0,99.41176470588235,0.02702702702702703,1.0,0.0,50.0,0.9705882352941176,0.7764705882352941,0.12941176470588237,0.029411764705882353,4.594594594594595,0.0,5.88235294117647,0.0,1.0,170,0.0
85,00250,2024,0.0625,0.0,0.0,5.467153284671533,0.0,3.8680555555555554,1.9104771294097056,37,0.05555555555555555,0.8958333333333334,0.0763888888888889,0.0,0.0,98.61111111111111,0.02702702702702703,1.0,0.0,0.0,0.9375,0.8472222222222222,0.09722222222222222,0.04861111111111111,3.891891891891892,0.0,0.0,6.944444444444444,1.0,144,0.0
85,00263,2020,0.025,0.275,0.0,3.5625,0.0,3.6625,0.0,6,0.025,0.9625,0.05,0.0,0.0,98.75,0.16666666666666666,1.0,0.0,0.0,0.9875,0.825,0.075,0.0,13.333333333333334,0.0125,0.0,0.0,0.0,80,0.0125
85,00263,2021,0.08196721311475409,0.0,0.0,4.032786885245901,0.0,3.5245901639344264,66.41408715186957,6,0.03278688524590164,0.9836065573770492,0.06557377049180328,0.0,0.0,100.0,0.16666666666666666,1.0,0.0,100.0,1.0,0.7704918032786885,0.08196721311475409,0.0,10.166666666666666,0.0,0.0,16.393442622950822,1.0,61,0.0
85,00263,2022,0.0,0.0,0.0,4.1,0.0,3.575,0.0,6,0.0,1.0,0.05,0.0,0.0,100.0,0.16666666666666666,1.0,0.0,0.0,1.0,0.775,0.125,0.0,6.666666666666667,0.0,0.0,0.0,0.0,40,0.0
85,00263,2023,0.0,0.0,0.0,5.230769230769231,0.0,4.128205128205129,0.0,6,0.0,0.8205128205128205,0.07692307692307693,0.0,0.0,100.0,0.16666666666666666,1.0,0.0,0.0,1.0,0.7948717948717948,0.1282051282051282,0.0,6.5,0.0,0.0,0.0,0.0,39,0.0
85,00263,2024,0.08108108108108109,0.0,0.0,5.081081081081081,1.0,3.7837837837837838,0.0,6,0.0,0.9459459459459459,0.05405405405405406,0.0,0.0,100.0,0.16666666666666666,1.0,0.0,100.0,1.0,0.9459459459459459,0.08108108108108109,0.0,6.166666666666667,0.0,27.027027027027028,0.0,0.0,37,0.0
85,00279,2020,0.0,0.0,0.0,4.0,0.0,6.0,0.0,1,0.0,1.0,0.0,0.0,0.0,100.0,1.0,1.0,0.0,0.0,1.0,1.0,0.0,0.0,1.0,0.0,0.0,0.0,0.0,1,0.0
85,00279,2022,0.0,0.0,0.0,10.0,0.0,4.0,0.0,1,0.0,1.0,0.0,0.0,0.0,100.0,1.0,1.0,0.0,0.0,1.0,1.0,0.0,0.0,1.0,0.0,0.0,0.0,0.0,1,0.0
85,00279,2024,0.0,0.0,0.0,7.333333333333333,0.0,5.333333333333333,0.0,1,0.0,0.6666666666666666,0.0,0.0,0.0,100.0,1.0,1.0,0.0,0.0,1.0,0.6666666666666666,0.0,0.0,3.0,0.0,0.0,0.0,0.0,3,0.0
85,00300,2020,0.0,0.0,0.0,5.166666666666667,0.0,3.3333333333333335,0.0,3,0.0,0.8333333333333334,0.0,0.0,0.0,100.0,0.3333333333333333,1.0,0.0,0.0,1.0,1.0,0.0,0.0,2.0,0.0,0.0,0.0,0.0,6,0.0
85,00300,2021,0.14285714285714285,0.0,0.0,5.285714285714286,0.0,2.2857142857142856,0.0,3,0.0,1.0,0.0,0.0,0.0,100.0,0.3333333333333333,1.0,0.0,0.0,1.0,0.5714285714285714,0.0,0.0,2.3333333333333335,0.0,0.0,0.0,1.0,7,0.0
85,00300,2024,0.0,0.0,0.0,6.6,0.0,5.4,0.0,3,0.0,0.8,0.2,0.0,0.0,100.0,0.3333333333333333,1.0,0.0,0.0,1.0,0.8,0.0,0.0,1.6666666666666667,0.0,0.0,0.0,0.0,5,0.0
85,00315,2020,0.07692307692307693,0.0,0.0,2.888888888888889,0.0,4.076923076923077,0.0,1,0.46153846153846156,0.6923076923076923,0.15384615384615385,0.0,0.0,61.53846153846154,1.0,1.0,0.0,0.0,0.6153846153846154,0.6923076923076923,0.46153846153846156,0.0,13.0,0.0,0.0,0.0,0.0,13,0.0
85,00315,2021,0.0,0.0,0.0,2.4,0.0,3.1,0.0,1,0.7,1.0,0.0,0.0,0.0,60.0,1.0,1.0,0.0,0.0,0.6,1.0,0.5,0.0,10.0,0.0,0.0,0.0,0.0,10,0.0
85,00315,2022,0.0,0.0,0.0,3.6666666666666665,0.0,4.0,0.0,1,0.6666666666666666,1.0,0.0,0.0,0.0,66.66666666666666,1.0,1.0,0.0,0.0,0.6666666666666666,0.6666666666666666,0.3333333333333333,0.0,3.0,0.0,0.0,0.0,0.0,3,0.0
85,00315,2023,0.0,0.0,0.0,6.8,0.0,3.5714285714285716,0.0,1,0.0,0.8571428571428571,0.0,0.0,0.0,100.0,1.0,1.0,0.0,0.0,0.7142857142857143,0.42857142857142855,0.2857142857142857,0.2857142857142857,7.0,0.0,0.0,0.0,0.0,7,0.0
85,00315,2024,0.09090909090909091,0.0,0.0,4.857142857142857,0.0,4.090909090909091,0.0,1,0.09090909090909091,0.9090909090909091,0.0,0.0,0.0,100.0,1.0,1.0,0.0,0.0,0.6363636363636364,0.6363636363636364,0.45454545454545453,0.36363636363636365,11.0,0.0,0.0,0.0,0.0,11,0.0
85,00325,2020,0.03125,0.0,0.0,4.548387096774194,1.0,3.53125,0.0,2,0.03125,0.9375,0.0625,0.0,0.0,96.875,0.5,1.0,0.0,100.0,0.96875,0.84375,0.09375,0.0,16.0,0.0,31.25,0.0,0.0,32,0.0
85,00325,2021,0.0,0.0,0.0,4.407407407407407,0.0,3.7857142857142856,0.0,2,0.14285714285714285,1.0,0.03571428571428571,0.0,0.0,96.42857142857143,0.5,1.0,0.0,0.0,0.9642857142857143,0.8214285714285714,0.10714285714285714,0.0,14.0,0.0,0.0,0.0,1.0,28,0.0
85,00325,2022,0.07407407407407407,0.0,0.0,5.333333333333333,0.0,3.6296296296296298,100.0,2,0.1111111111111111,0.9259259259259259,0.037037037037037035,0.0,0.0,96.29629629629629,0.5,1.0,0.0,100.0,0.9629629629629629,0.8518518518518519,0.0,0.0,13.5,0.0,0.0,37.03703703703704,1.0,27,0.0
85,00325,2023,0.0,0.0,0.0,4.125,0.0,4.0625,0.0,2,0.1875,1.0,0.0,0.0,0.0,93.75,0.5,1.0,0.0,0.0,0.9375,0.8125,0.125,0.0,8.0,0.0,0.0,0.0,0.0,16,0.0
85,00325,2024,0.0,0.0,0.0,5.285714285714286,0.0,2.857142857142857,0.0,2,0.14285714285714285,0.8571428571428571,0.0,0.0,0.0,100.0,0.5,1.0,0.0,0.0,1.0,0.8571428571428571,0.0,0.0,3.5,0.0,0.0,0.0,0.0,7,0.0
85,00400,2020,0.017543859649122806,0.0,0.0,4.444444444444445,1.0,3.508771929824561,0.0,3,0.3157894736842105,1.0,0.017543859649122806,0.0,0.0,94.73684210526315,0.3333333333333333,1.0,0.0,100.0,0.9473684210526315,0.9473684210526315,0.14035087719298245,0.0,19.0,0.0,17.543859649122805,0.0,0.0,57,0.0
85,00400,2021,0.0,0.0,0.0,4.489795918367347,1.0,4.150943396226415,0.0,3,0.3584905660377358,0.9811320754716981,0.018867924528301886,0.0,0.0,94.33962264150944,0.3333333333333333,1.0,0.0,100.0,0.9433962264150944,0.9811320754716981,0.1320754716981132,0.0,17.666666666666668,0.0,18.867924528301884,0.0,0.0,53,0.0
85,00400,2022,0.029411764705882353,0.0,0.0,6.5588235294117645,1.0,3.9411764705882355,100.0,3,0.17647058823529413,1.0,0.0,0.0,0.0,94.11764705882352,0.3333333333333333,1.0,0.0,50.0,0.9411764705882353,0.9411764705882353,0.029411764705882353,0.0,11.333333333333334,0.0,29.41176470588235,29.41176470588235,1.0,34,0.0
85,00400,2023,0.05555555555555555,0.0,0.0,6.666666666666667,1.0,3.7777777777777777,0.0,3,0.2222222222222222,0.8888888888888888,0.0,0.0,0.0,94.44444444444444,0.3333333333333333,1.0,0.0,100.0,0.7777777777777778,0.7777777777777778,0.2777777777777778,0.2222222222222222,6.0,0.0,55.55555555555555,0.0,0.0,18,0.0
85,00400,2024,0.1,0.0,0.0,6.888888888888889,0.0,3.9,0.0,3,0.2,1.0,0.0,0.0,0.0,100.0,0.3333333333333333,1.0,0.0,0.0,0.9,0.9,0.1,0.1,3.3333333333333335,0.0,0.0,0.0,0.0,10,0.0
85,00410,2020,0.09375,0.0,0.0,5.0625,0.0,3.78125,0.0,23,0.0,0.6979166666666666,0.020833333333333332,0.010416666666666666,0.0,100.0,0.043478260869565216,1.0,0.0,0.0,1.0,0.6458333333333334,0.10416666666666667,0.010416666666666666,4.173913043478261,0.0,0.0,0.0,0.0,96,0.0
85,00410,2021,0.07954545454545454,0.0,0.0,5.625,1.0,3.909090909090909,0.0,23,0.0,0.7613636363636364,0.011363636363636364,0.0,0.0,100.0,0.043478260869565216,1.0,0.0,100.0,1.0,0.5795454545454546,0.022727272727272728,0.011363636363636364,3.8260869565217392,0.0,11.363636363636363,0.0,0.0,88,0.0
85,00410,2022,0.012195121951219513,0.0,0.0,5.085365853658536,0.0,3.731707317073171,0.0,23,0.0,0.7560975609756098,0.036585365853658534,0.0,0.0,100.0,0.043478260869565216,1.0,0.0,0.0,1.0,0.6219512195121951,0.12195121951219512,0.012195121951219513,3.5652173913043477,0.0,0.0,0.0,0.0,82,0.0
85,00410,2023,0.03225806451612903,0.0,0.0,5.737704918032787,1.0,3.5483870967741935,0.0,23,0.0,0.7096774193548387,0.03225806451612903,0.0,0.0,100.0,0.043478260869565216,1.0,0.0,100.0,0.967741935483871,0.6612903225806451,0.11290322580645161,0.016129032258064516,2.6956521739130435,0.0,16.129032258064516,0.0,0.0,62,0.0
85,00410,2024,0.057692307692307696,0.0,0.0,5.961538461538462,0.0,3.9423076923076925,0.0,23,0.0,0.6923076923076923,0.019230769230769232,0.0,0.0,100.0,0.043478260869565216,1.0,0.0,0.0,1.0,0.7307692307692307,0.038461538461538464,0.0,2.260869565217391,0.0,0.0,0.0,0.0,52,0.0
85,00430,2020,0.057692307692307696,0.0,0.0,4.078431372549019,0.0,3.8076923076923075,0.0,9,0.09615384615384616,0.9423076923076923,0.04807692307692308,0.0,0.0,98.07692307692307,0.2222222222222222,1.0,0.0,0.0,0.9807692307692307,0.875,0.08653846153846154,0.0,11.555555555555555,0.0,0.0,0.0,0.0,104,0.0
85,00430,2021,0.0,0.0,0.0,3.955056179775281,0.0,3.566666666666667,0.0,9,0.06666666666666667,0.9333333333333333,0.022222222222222223,0.0,0.0,98.88888888888889,0.2222222222222222,1.0,0.0,0.0,0.9888888888888889,0.7666666666666667,0.07777777777777778,0.011111111111111112,10.0,0.0,0.0,0.0,0.0,90,0.0
85,00430,2022,0.017241379310344827,0.0,0.0,4.137931034482759,0.0,3.7241379310344827,29.606361505335638,9,0.06896551724137931,0.896551724137931,0.13793103448275862,0.0,0.034482758620689655,100.0,0.2222222222222222,1.0,0.0,100.0,1.0,0.7413793103448276,0.1206896551724138,0.034482758620689655,6.444444444444445,0.0,0.0,17.241379310344826,1.0,58,0.0
85,00430,2023,0.025,0.0,0.0,4.375,0.0,3.675,0.0,9,0.025,0.9,0.05,0.0,0.0,97.5,0.2222222222222222,1.0,0.0,0.0,0.975,0.85,0.125,0.0,4.444444444444445,0.0,0.0,0.0,0.0,40,0.0
85,00430,2024,0.0,0.0,0.0,5.275,0.0,3.4634146341463414,0.0,9,0.14634146341463414,0.9024390243902439,0.0975609756097561,0.0,0.0,100.0,0.2222222222222222,1.0,0.0,0.0,0.975609756097561,0.7804878048780488,0.07317073170731707,0.024390243902439025,4.555555555555555,0.0,0.0,0.0,0.0,41,0.0
85,00440,2020,0.05699481865284974,5915.668393782384,0.010362694300518135,4.427083333333333,3.0,3.569948186528497,1.9920440083841635,37,0.02072538860103627,0.8808290155440415,0.05181347150259067,0.0,0.0,98.44559585492227,0.02702702702702703,1.0,0.0,100.0,0.9844559585492227,0.41450777202072536,0.22797927461139897,0.010362694300518135,5.216216216216216,0.0,15.544041450777202,5.181347150259067,1.0,193,0.02072538860103627
85,00440,2021,0.05660377358490566,17089379.320754718,0.006289308176100629,4.188679245283019,1.0,3.5157232704402515,1.9354488694823493,37,0.0,0.89937106918239,0.025157232704402517,0.0,0.0,98.11320754716981,0.02702702702702703,1.0,0.0,100.0,0.9811320754716981,0.4276729559748428,0.15723270440251572,0.0,4.297297297297297,0.018867924528301886,6.289308176100629,6.289308176100629,1.0,159,0.012578616352201259
85,00440,2022,0.047058823529411764,0.0,0.0,4.341176470588235,1.0,3.4647058823529413,0.0,37,0.0,0.8529411764705882,0.07058823529411765,0.0,0.0,100.0,0.02702702702702703,1.0,0.0,100.0,1.0,0.5117647058823529,0.1411764705882353,0.0058823529411764705,4.594594594594595,0.0,5.88235294117647,0.0,0.0,170,0.0
85,00440,2023,0.09090909090909091,0.0,0.0,4.336363636363636,1.0,3.5272727272727273,0.0,37,0.00909090909090909,0.9363636363636364,0.045454545454545456,0.0,0.0,99.0909090909091,0.02702702702702703,1.0,0.0,100.0,0.9727272727272728,0.6090909090909091,0.09090909090909091,0.00909090909090909,2.972972972972973,0.0,9.09090909090909,0.0,0.0,110,0.0
85,00440,2024,0.11458333333333333,0.0,0.0,4.5625,1.0,3.5416666666666665,3.6611079902765473,37,0.010416666666666666,0.8854166666666666,0.07291666666666667,0.0,0.0,100.0,0.02702702702702703,1.0,0.0,33.33333333333333,1.0,0.6041666666666666,0.10416666666666667,0.010416666666666666,2.5945945945945947,0.0,10.416666666666666,20.833333333333332,2.0,96,0.0
95,00001,2020,0.011673151750972763,0.0,0.0,4.143413873733437,141.0,3.700389105058366,2.861969766577175,74,0.0443579766536965,0.8085603112840467,0.030350194552529183,0.3424124513618677,0.012451361867704281,97.66536964980544,0.10810810810810811,0.9992217898832685,0.0007782101167315176,98.61111111111111,0.9766536964980544,0.7058365758754864,0.09105058365758754,0.019455252918287938,17.364864864864863,0.0,109.72762645914396,2.3346303501945527,3.0,1285,0.0
95,00001,2021,0.00944081336238199,0.0,0.0,3.873998543335761,96.0,3.5664488017429194,0.9922770353000886,74,0.04793028322440087,0.8460421205519245,0.03340595497458242,0.34713144517066086,0.008714596949891068,97.89397240377633,0.10810810810810811,1.0,0.0,95.91836734693877,0.9760348583877996,0.7225853304284677,0.12781408859840232,0.013071895424836602,18.60810810810811,0.0,69.71677559912855,0.7262164124909223,2.0,1377,0.0
95,00001,2022,0.010466988727858293,0.0,0.0,4.07983870967742,90.0,3.717391304347826,3.7443664147134683,74,0.029790660225442835,0.8301127214170693,0.04750402576489533,0.3438003220611916,0.01610305958132045,99.27536231884058,0.10810810810810811,1.0,0.0,97.89473684210527,0.9911433172302737,0.7479871175523349,0.10305958132045089,0.014492753623188406,16.783783783783782,0.0,72.46376811594203,3.2206119162640903,5.0,1242,0.0
95,00001,2023,0.007123775601068566,0.0,0.0,4.265360641139804,33.0,3.620658949243099,2.659644705592754,74,0.030276046304541407,0.811219946571683,0.04452359750667854,0.38646482635796975,0.014247551202137132,99.28762243989314,0.10810810810810811,1.0,0.0,89.47368421052632,0.98753339269813,0.7666963490650045,0.11665182546749778,0.003561887800534283,15.175675675675675,0.0,29.385574354407836,2.6714158504007126,5.0,1123,0.0
95,00001,2024,0.003964321110009911,0.0,0.0,4.28714859437751,86.0,3.939544103072349,0.8390716172895423,74,0.026759167492566897,0.777998017839445,0.05153617443012884,0.38255698711595637,0.009910802775024777,99.8017839444995,0.10810810810810811,0.998017839444995,0.0019821605550049554,98.85057471264368,0.981169474727453,0.7522299306243806,0.10208126858275521,0.019821605550049554,13.635135135135135,0.0,85.23290386521307,0.9910802775024776,1.0,1009,0.0
95,00015,2020,0.05555555555555555,0.0,0.0,3.235294117647059,1.0,3.5555555555555554,0.0,3,0.16666666666666666,0.7777777777777778,0.05555555555555555,0.0,0.1111111111111111,83.33333333333334,0.3333333333333333,1.0,0.0,100.0,0.8333333333333334,0.9444444444444444,0.2777777777777778,0.0,6.0,0.0,55.55555555555555,0.0,0.0,18,0.0
95,00015,2021,0.0625,0.0,0.0,2.5806451612903225,0.0,3.34375,100.0,3,0.34375,0.90625,0.09375,0.0,0.0,93.75,0.3333333333333333,1.0,0.0,100.0,0.9375,0.65625,0.21875,0.0,10.666666666666666,0.0,0.0,31.25,1.0,32,0.0
95,00015,2022,0.0,0.0,0.0,2.925925925925926,0.0,3.037037037037037,0.0,3,0.25925925925925924,1.0,0.07407407407407407,0.0,0.0,92.5925925925926,0.3333333333333333,1.0,0.0,0.0,0.8888888888888888,0.7407407407407407,0.18518518518518517,0.0,9.0,0.0,0.0,0.0,0.0,27,0.0
95,00015,2023,0.0,0.0,0.0,2.357142857142857,1.0,3.4285714285714284,0.0,3,0.2857142857142857,0.8571428571428571,0.14285714285714285,0.0,0.0,85.71428571428571,0.3333333333333333,1.0,0.0,100.0,0.8571428571428571,0.8571428571428571,0.2857142857142857,0.0,4.666666666666667,0.0,71.42857142857143,0.0,0.0,14,0.0
95,00015,2024,0.0,0.0,0.0,2.5,0.0,3.875,0.0,3,0.5,1.0,0.0,0.0,0.0,75.0,0.3333333333333333,1.0,0.0,0.0,0.75,0.75,0.375,0.0,2.6666666666666665,0.0,0.0,0.0,0.0,8,0.0
95,00025,2020,0.06666666666666667,0.0,0.0,2.0,0.0,2.933333333333333,91.25530766083408,5,0.4,0.9333333333333333,0.13333333333333333,0.0,0.0,86.66666666666667,0.2,1.0,0.0,50.0,0.8,0.7333333333333333,0.4,0.0,3.0,0.0,0.0,66.66666666666667,2.0,15,0.0
95,00025,2021,0.0,0.0,0.0,2.9285714285714284,1.0,3.6875,0.0,5,0.5,0.9375,0.0625,0.0,0.0,75.0,0.2,1.0,0.0,100.0,0.75,0.5625,0.5,0.0,3.2,0.0,62.5,0.0,0.0,16,0.0
95,00025,2022,0.0,0.0,0.0,1.7142857142857142,0.0,3.142857142857143,0.0,5,0.42857142857142855,0.8571428571428571,0.0,0.0,0.0,85.71428571428571,0.2,1.0,0.0,0.0,0.8571428571428571,0.5714285714285714,0.42857142857142855,0.0,1.4,0.0,0.0,0.0,0.0,7,0.0
95,00025,2023,0.09090909090909091,0.0,0.0,2.3333333333333335,0.0,12.090909090909092,0.0,5,0.45454545454545453,0.9090909090909091,0.09090909090909091,0.0,0.0,100.0,0.2,0.9090909090909091,0.09090909090909091,0.0,0.7272727272727273,0.5454545454545454,0.5454545454545454,0.18181818181818182,2.2,0.0,0.0,0.0,0.0,11,0.0
95,00025,2024,0.0,0.0,0.0,0.8,0.0,4.571428571428571,0.0,5,0.42857142857142855,0.7142857142857143,0.0,0.0,0.0,71.42857142857143,0.2,1.0,0.0,0.0,0.42857142857142855,0.7142857142857143,0.8571428571428571,0.2857142857142857,1.4,0.0,0.0,0.0,0.0,7,0.0
95,00200,2020,0.0,0.0,0.0,0.3333333333333333,0.0,3.3333333333333335,0.0,1,0.6666666666666666,0.8333333333333334,0.0,0.0,0.0,66.66666666666666,1.0,1.0,0.0,0.0,0.6666666666666666,0.6666666666666666,0.8333333333333334,0.0,6.0,0.0,0.0,0.0,0.0,6,0.0
95,00200,2021,0.0,0.0,0.0,2.0,1.0,3.2,0.0,1,0.4,1.0,0.0,0.0,0.0,100.0,1.0,1.0,0.0,100.0,1.0,0.6,0.0,0.0,5.0,0.0,200.0,0.0,0.0,5,0.0
95,00200,2022,0.0,0.0,0.0,1.0,0.0,3.3333333333333335,0.0,1,0.0,1.0,0.3333333333333333,0.0,0.0,100.0,1.0,1.0,0.0,0.0,1.0,0.3333333333333333,0.3333333333333333,0.0,3.0,0.0,0.0,0.0,0.0,3,0.0
95,00200,2023,0.16666666666666666,0.0,0.0,2.0,0.0,3.8333333333333335,0.0,1,0.0,0.8333333333333334,0.16666666666666666,0.0,0.0,100.0,1.0,1.0,0.0,0.0,0.8333333333333334,0.8333333333333334,0.3333333333333333,0.16666666666666666,6.0,0.0,0.0,0.0,0.0,6,0.0
95,00200,2024,0.0,0.0,0.0,4.5,1.0,3.6666666666666665,0.0,1,0.0,1.0,0.0,0.0,0.0,100.0,1.0,1.0,0.0,100.0,0.6666666666666666,0.6666666666666666,0.3333333333333333,0.3333333333333333,3.0,0.0,333.3333333333333,0.0,0.0,3,0.0
99,00001,2020,0.042091836734693876,0.0,0.0,2.984147952443857,51.0,4.438775510204081,58.694848229907635,22,0.06505102040816327,0.7818877551020408,0.05739795918367347,0.23341836734693877,0.012755102040816327,93.75,0.045454545454545456,0.9885204081632653,0.011479591836734694,89.0625,0.9349489795918368,0.288265306122449,0.2602040816326531,0.011479591836734694,35.63636363636363,0.0,65.05102040816327,8.928571428571429,13.0,784,0.0
99,00001,2021,0.04792332268370607,0.0,0.0,2.354767184035477,37.0,3.346112886048988,72.85703230115624,22,0.09158679446219382,0.7550585729499467,0.06283280085197018,0.20447284345047922,0.01597444089456869,90.94781682641107,0.045454545454545456,1.0,0.0,93.61702127659575,0.9073482428115016,0.28753993610223644,0.33120340788072417,0.008519701810436636,42.68181818181818,0.0,39.40362087326944,8.519701810436635,10.0,939,0.0
99,00001,2022,0.04362050163576881,0.0,0.0,2.5622932745314224,29.0,3.375136314067612,81.04222490234456,22,0.09269356597600872,0.7219193020719739,0.062159214830970554,0.22464558342420937,0.021810250817884406,91.38495092693566,0.045454545454545456,1.0,0.0,80.0,0.9094874591057798,0.2998909487459106,0.3009814612868048,0.0021810250817884407,41.68181818181818,0.0,31.62486368593239,9.814612868047982,16.0,917,0.0
99,00001,2023,0.030598052851182198,0.0,0.0,2.6089385474860336,39.0,3.543810848400556,32.327361722995775,22,0.06815020862308763,0.6981919332406119,0.07093184979137691,0.2767732962447844,0.008344923504867872,94.1585535465925,0.045454545454545456,0.9986091794158554,0.0013908205841446453,87.75510204081633,0.9346314325452016,0.45479833101529904,0.29902642559109877,0.008344923504867872,32.68181818181818,0.0,54.24200278164117,5.563282336578581,10.0,719,0.0
99,00001,2024,0.01949317738791423,0.0,0.0,2.674,47.0,4.783625730994152,28.47980467061554,22,0.031189083820662766,0.723196881091618,0.056530214424951264,0.30409356725146197,0.007797270955165692,97.270955165692,0.045454545454545456,0.98635477582846,0.01364522417153996,92.5925925925926,0.9376218323586745,0.530214424951267,0.33723196881091616,0.031189083820662766,23.318181818181817,0.0,91.61793372319687,7.797270955165692,7.0,513,0.0
99,00524,2020,0.0297029702970297,0.0,0.0,2.6666666666666665,1.0,3.4554455445544554,0.0,5,0.31683168316831684,0.8910891089108911,0.06930693069306931,0.0,0.0,92.07920792079209,0.2,1.0,0.0,50.0,0.9207920792079208,0.8217821782178217,0.2871287128712871,0.0,20.2,0.0,9.900990099009901,0.0,1.0,101,0.0
99,00524,2021,0.1,0.0,0.0,3.0846153846153848,1.0,3.507142857142857,0.0,5,0.20714285714285716,0.8928571428571429,0.06428571428571428,0.0,0.0,90.71428571428571,0.2,1.0,0.0,50.0,0.9071428571428571,0.7714285714285715,0.2642857142857143,0.0,28.0,0.0,7.142857142857142,0.0,1.0,140,0.0
99,00524,2022,0.03278688524590164,0.0,0.0,2.377049180327869,0.0,3.0655737704918034,100.0,5,0.30327868852459017,0.8852459016393442,0.04918032786885246,0.0,0.0,95.08196721311475,0.2,1.0,0.0,33.33333333333333,0.9426229508196722,0.8114754098360656,0.2786885245901639,0.0,24.4,0.0,0.0,8.196721311475411,3.0,122,0.0
99,00524,2023,0.0273972602739726,0.0,0.0,2.0704225352112675,3.0,3.506849315068493,96.36034261980505,5,0.1506849315068493,0.9315068493150684,0.0136986301369863,0.0,0.0,91.78082191780823,0.2,1.0,0.0,100.0,0.8904109589041096,0.7945205479452054,0.273972602739726,0.0273972602739726,14.6,0.0,41.0958904109589,13.698630136986301,1.0,73,0.0
99,00524,2024,0.0,0.0,0.0,2.4583333333333335,3.0,5.350877192982456,94.95321558365598,5,0.10526315789473684,0.9122807017543859,0.07017543859649122,0.0,0.0,94.73684210526315,0.2,0.9824561403508771,0.017543859649122806,75.0,0.7894736842105263,0.7017543859649122,0.42105263157894735,0.15789473684210525,11.4,0.0,52.63157894736842,17.543859649122805,1.0,57,0.0
99,00624,2020,0.0,0.0,0.0,4.48,0.0,3.784313725490196,0.0,3,0.1568627450980392,0.8235294117647058,0.0784313725490196,0.0,0.0,88.23529411764706,0.3333333333333333,1.0,0.0,0.0,0.8627450980392157,0.7647058823529411,0.11764705882352941,0.0196078431372549,17.0,0.0,0.0,0.0,0.0,51,0.0
99,00624,2021,0.1,0.0,0.0,4.38,0.0,3.3,0.0,3,0.1,0.92,0.0,0.0,0.0,92.0,0.3333333333333333,1.0,0.0,0.0,0.92,0.88,0.12,0.0,16.666666666666668,0.0,0.0,0.0,0.0,50,0.0
99,00624,2022,0.02857142857142857,0.0,0.0,3.6470588235294117,0.0,3.4285714285714284,0.0,3,0.4,0.8285714285714286,0.05714285714285714,0.0,0.0,74.28571428571429,0.3333333333333333,1.0,0.0,0.0,0.7428571428571429,0.8571428571428571,0.34285714285714286,0.0,11.666666666666666,0.0,0.0,0.0,0.0,35,0.0
99,00624,2023,0.0,0.0,0.0,3.4210526315789473,1.0,3.8,0.0,3,0.25,0.9,0.1,0.0,0.0,75.0,0.3333333333333333,1.0,0.0,100.0,0.7,0.7,0.3,0.05,6.666666666666667,0.0,50.0,0.0,0.0,20,0.0
99,00624,2024,0.14285714285714285,0.0,0.0,4.0,1.0,3.3333333333333335,0.0,3,0.0,0.9047619047619048,0.09523809523809523,0.0,0.09523809523809523,95.23809523809523,0.3333333333333333,1.0,0.0,50.0,0.9047619047619048,0.7619047619047619,0.19047619047619047,0.047619047619047616,7.0,0.0,47.61904761904761,0.0,1.0,21,0.0
99,00773,2020,0.025200458190148912,0.0,0.0,0.4497663551401869,3.0,3.6975945017182132,100.0,5,0.7342497136311569,0.8087056128293242,0.020618556701030927,0.0,0.011454753722794959,94.84536082474226,0.2,1.0,0.0,55.55555555555556,0.9450171821305842,0.7411225658648339,0.8075601374570447,0.0,174.6,0.0,3.4364261168384878,4.581901489117985,6.0,873,0.0
99,00773,2021,0.06285714285714286,0.0,0.0,0.7581018518518519,7.0,3.7622857142857145,100.0,5,0.6617142857142857,0.8251428571428572,0.026285714285714287,0.0,0.013714285714285714,93.60000000000001,0.2,0.9988571428571429,0.001142857142857143,75.0,0.9348571428571428,0.8102857142857143,0.6937142857142857,0.004571428571428572,175.0,0.0,8.0,4.571428571428572,9.0,875,0.0
99,00773,2022,0.091005291005291,0.0,0.0,0.6865671641791045,7.0,3.456084656084656,0.0,5,0.6201058201058202,0.9248677248677248,0.0582010582010582,0.0,0.013756613756613757,97.56613756613757,0.2,1.0,0.0,70.0,0.9650793650793651,0.801058201058201,0.6645502645502646,0.005291005291005291,189.0,0.0,7.407407407407407,0.0,3.0,945,0.0
99,00773,2023,0.08875,0.0,0.0,0.7119784656796769,18.0,4.95625,95.25421300956705,5,0.5525,0.95,0.0425,0.0,0.00625,97.375,0.2,0.98625,0.01375,83.33333333333334,0.9,0.75875,0.71,0.07125,160.0,0.0,22.5,2.5,6.0,800,0.0
99,00773,2024,0.08042895442359249,0.0,0.0,0.6064,6.0,8.792225201072386,99.18821222696896,5,0.5040214477211796,0.9329758713136729,0.05093833780160858,0.0,0.00938337801608579,98.5254691689008,0.2,0.9450402144772118,0.054959785522788206,77.77777777777779,0.8190348525469169,0.7024128686327078,0.7573726541554959,0.16219839142091153,149.2,0.0,8.04289544235925,2.680965147453083,3.0,746,0.0
