COD_DPTO,COD_MUNIC,ANO,apgar_bajo_promedio,consultas_promedio,defunciones_fetales,edad_materna_promedio,num_instituciones,pct_area_rural,pct_bajo_nivel_educativo,pct_bajo_peso,pct_cesarea,pct_embarazo_multiple,pct_instituciones_publicas,pct_madres_adolescentes,pct_madres_edad_avanzada,pct_prematuro,pct_regimen_subsidiado,pct_sin_control_prenatal,pct_sin_seguridad_social,presion_obstetrica,tasa_mortalidad_fetal,total_defunciones,total_nacimientos,puntos_riesgo,riesgo_obstetrico,tasa_mortalidad_infantil,alta_mortalidad
50,1,2020,0.0174232435486909,5.377228563343081,823.0,3.787248069316256,34.333333333333336,0.0012243360331512,0.6805424750423809,0.0681860990770389,0.3455453004332266,0.016010548125824,0.3927785425028781,1.0,0.0,0.9967037106799774,0.4327556978715389,0.0404972687888491,0.0297607835750612,309.26213592233006,77.50988886796006,104.0,10618,5,1,9.79468826521002,1
50,1,2021,0.0151952298518945,5.602541883304449,773.0,3.844970186574341,34.333333333333336,0.0008655510675129,0.6778226582035006,0.0685708790151952,0.3232352375456818,0.0203885362569724,0.3927785425028781,1.0,0.0,0.9956722446624352,0.4271013656472398,0.0427966916714752,0.0226966724370071,302.8543689320388,74.34121946528178,108.0,10398,6,1,10.3866128101558,1
50,1,2022,0.0124142107387969,5.572365765038353,520.0,3.872930964876867,34.333333333333336,0.0008074283407347,0.687525232135648,0.0761001211142511,0.3346790472345579,0.018873637464675,0.3927785425028781,1.0,0.0,0.9979814291481632,0.4577109406540169,0.0389584174404521,0.0146346386758175,288.58252427184465,52.482842147759385,127.0,9908,6,1,12.817924909164311,1
50,1,2023,0.0035487686848048,5.71201204430584,393.0,3.919561243144424,34.333333333333336,0.0009678460049467,0.6709323583180987,0.0675341434562856,0.3471341004409076,0.0184966125389826,0.3927785425028781,1.0,0.0,0.9979567695451124,0.4957522314227336,0.0375309173029358,0.0104312291644262,270.8446601941748,42.26260888267556,87.0,9299,2,0,9.355844714485428,1
50,1,2024,0.0046263345195729,5.8210726150925485,357.0,3.931198102016608,34.333333333333336,0.0010676156583629,0.6577698695136418,0.0749703440094899,0.3480427046263345,0.0154211150652431,0.3927785425028781,1.0,0.0,0.9981020166073546,0.493238434163701,0.0341637010676156,0.0084223013048635,245.53398058252424,42.34875444839858,76.0,8430,3,1,9.015421115065243,1
50,6,2020,0.028735632183908,4.985590778097983,0.0,3.583333333333333,34.333333333333336,0.0,0.8074712643678161,0.0201149425287356,0.0,0.0,0.3927785425028781,1.0,0.0,0.9971264367816092,0.5114942528735632,0.0977011494252873,0.014367816091954,10.135922330097086,0.0,3.0,348,1,0,8.620689655172413,1
50,6,2021,0.0248226950354609,5.070921985815603,1.0,3.49290780141844,34.333333333333336,0.0,0.8156028368794326,0.0212765957446808,0.0,0.0,0.3927785425028781,1.0,0.0,1.0,0.4858156028368794,0.0354609929078014,0.0106382978723404,8.213592233009708,3.5460992907801416,0.0,282,1,0,0.0,0
50,6,2022,0.0129449838187702,5.190938511326861,5.0,3.5501618122977345,34.333333333333336,0.0032362459546925,0.8317152103559871,0.0420711974110032,0.0,0.0,0.3927785425028781,1.0,0.0,1.0,0.511326860841424,0.0420711974110032,0.0032362459546925,9.0,16.181229773462782,3.0,309,1,0,9.70873786407767,1
50,6,2023,0.0,5.455516014234876,6.0,3.704626334519573,34.333333333333336,0.0071174377224199,0.8932384341637011,0.0320284697508896,0.0,0.0035587188612099,0.3927785425028781,1.0,0.0,1.0,0.5729537366548043,0.0284697508896797,0.0249110320284697,8.184466019417474,21.352313167259787,0.0,281,1,0,0.0,0
50,6,2024,0.0,5.460251046025105,5.0,3.595833333333333,34.333333333333336,0.0,0.8625,0.0416666666666666,0.0,0.0,0.3927785425028781,1.0,0.0,0.9916666666666668,0.5791666666666667,0.025,0.0083333333333333,6.990291262135922,20.83333333333333,0.0,240,1,0,0.0,0
50,110,2020,0.0,4.5,0.0,3.5,34.333333333333336,0.0357142857142857,0.8928571428571429,0.0,0.0,0.0,0.3927785425028781,1.0,0.0,0.9821428571428572,0.5178571428571429,0.0892857142857142,0.0,1.6310679611650485,0.0,1.0,56,0,0,17.857142857142858,1
50,110,2021,0.0172413793103448,4.879310344827586,0.0,3.5172413793103448,34.333333333333336,0.0,0.8620689655172413,0.0344827586206896,0.0,0.0,0.3927785425028781,1.0,0.0,1.0,0.4655172413793103,0.0517241379310344,0.0172413793103448,1.6893203883495145,0.0,0.0,58,0,0,0.0,0
50,110,2022,0.0,3.303030303030303,1.0,3.411764705882353,34.333333333333336,0.0294117647058823,0.9117647058823528,0.0294117647058823,0.0,0.0,0.3927785425028781,1.0,0.0,1.0,0.5588235294117647,0.2352941176470588,0.0,0.9902912621359222,29.41176470588235,0.0,34,1,0,0.0,0
50,110,2023,0.0,3.5,1.0,4.0,34.333333333333336,0.125,0.875,0.0,0.0,0.0,0.3927785425028781,1.0,0.0,1.0,0.6875,0.125,0.0,0.4660194174757281,62.5,0.0,16,4,1,0.0,0
50,110,2024,0.0909090909090909,4.2727272727272725,0.0,3.4545454545454546,34.333333333333336,0.0,1.0,0.0909090909090909,0.0,0.0,0.3927785425028781,1.0,0.0,0.9090909090909092,0.5454545454545454,0.1818181818181818,0.0,0.3203883495145631,0.0,0.0,11,1,0,0.0,0
50,124,2020,0.0,4.125,1.0,3.625,34.333333333333336,0.0,0.9375,0.0,0.0,0.0,0.3927785425028781,1.0,0.0,1.0,0.75,0.0625,0.0,0.4660194174757281,62.5,0.0,16,4,1,0.0,0
50,124,2021,0.0588235294117647,4.823529411764706,2.0,3.294117647058824,34.333333333333336,0.2352941176470588,0.9411764705882352,0.0588235294117647,0.0,0.0,0.3927785425028781,1.0,0.0,1.0,0.7647058823529411,0.0588235294117647,0.0,0.4951456310679611,117.6470588235294,0.0,17,4,1,0.0,0
50,124,2022,0.0909090909090909,3.727272727272727,1.0,3.8181818181818175,34.333333333333336,0.0909090909090909,0.8181818181818182,0.1818181818181818,0.0,0.0,0.3927785425028781,1.0,0.0,1.0,0.6363636363636364,0.0909090909090909,0.0,0.3203883495145631,90.9090909090909,1.0,11,5,1,90.9090909090909,1
50,124,2023,0.0,4.785714285714286,1.0,3.7857142857142856,34.333333333333336,0.0,0.8571428571428571,0.1428571428571428,0.0,0.0,0.3927785425028781,1.0,0.0,1.0,0.5714285714285714,0.1428571428571428,0.0,0.4077669902912621,71.42857142857143,0.0,14,5,1,0.0,0
50,124,2024,0.0,4.117647058823529,1.0,3.0,34.333333333333336,0.0588235294117647,1.0,0.1176470588235294,0.0,0.0,0.3927785425028781,1.0,0.0,1.0,0.7647058823529411,0.0,0.0,0.4951456310679611,58.8235294117647,0.0,17,5,1,0.0,0
50,150,2020,0.074074074074074,6.148148148148148,0.0,3.888888888888889,34.333333333333336,0.037037037037037,0.8518518518518519,0.1111111111111111,0.0,0.0,0.3927785425028781,1.0,0.0,1.0,0.4814814814814814,0.0,0.0,0.7864077669902912,0.0,0.0,27,1,0,0.0,0
50,150,2021,0.0909090909090909,6.181818181818182,0.0,4.090909090909091,34.333333333333336,0.0,0.8181818181818182,0.0454545454545454,0.0,0.0,0.3927785425028781,1.0,0.0,1.0,0.6363636363636364,0.0,0.0,0.6407766990291262,0.0,0.0,22,0,0,0.0,0
50,150,2022,0.0,4.769230769230769,1.0,3.230769230769231,34.333333333333336,0.0,0.9230769230769232,0.0769230769230769,0.0,0.0,0.3927785425028781,1.0,0.0,1.0,0.6923076923076923,0.0769230769230769,0.0,0.3786407766990291,76.92307692307693,0.0,13,5,1,0.0,0
50,150,2023,0.0,4.888888888888889,0.0,3.4444444444444446,34.333333333333336,0.2222222222222222,0.8888888888888888,0.0,0.0,0.0,0.3927785425028781,1.0,0.0,1.0,0.7777777777777778,0.0,0.0,0.2621359223300971,0.0,0.0,9,-1,-1,0.0,0
50,150,2024,0.0,5.0,0.0,3.333333333333333,34.333333333333336,0.0,1.0,0.1666666666666666,0.0,0.0,0.3927785425028781,1.0,0.0,0.8333333333333334,0.8333333333333334,0.1666666666666666,0.0,0.174757281553398,0.0,0.0,6,-1,-1,0.0,0
50,223,2020,0.0,6.142857142857143,0.0,4.285714285714286,34.333333333333336,0.0,0.7142857142857143,0.0714285714285714,0.0714285714285714,0.0,0.3927785425028781,1.0,0.0,1.0,0.6428571428571429,0.0,0.0,0.4077669902912621,0.0,0.0,14,1,0,0.0,0
50,223,2021,0.0,5.333333333333333,0.0,3.888888888888889,34.333333333333336,0.0,0.7777777777777778,0.1111111111111111,0.0,0.0,0.3927785425028781,1.0,0.0,1.0,0.5555555555555556,0.0,0.1111111111111111,0.2621359223300971,0.0,0.0,9,-1,-1,0.0,0
50,223,2022,0.0,4.428571428571429,0.0,3.571428571428572,34.333333333333336,0.0,0.7142857142857143,0.0,0.0,0.0,0.3927785425028781,1.0,0.0,1.0,0.7142857142857143,0.0,0.0,0.203883495145631,0.0,0.0,7,-1,-1,0.0,0
50,223,2023,0.0,4.5,0.0,4.75,34.333333333333336,0.0,0.25,0.0,0.0,0.0,0.3927785425028781,1.0,0.0,1.0,0.75,0.0,0.0,0.116504854368932,0.0,0.0,4,-1,-1,0.0,0
50,223,2024,0.0,4.666666666666667,0.0,3.333333333333333,34.333333333333336,0.0,1.0,0.0,0.0,0.0,0.3927785425028781,1.0,0.0,1.0,1.0,0.0,0.0,0.087378640776699,0.0,0.0,3,-1,-1,0.0,0
50,226,2020,0.015625,4.671875,1.0,3.703125,34.333333333333336,0.03125,0.8125,0.0,0.0,0.0,0.3927785425028781,1.0,0.0,1.0,0.59375,0.0625,0.0,1.8640776699029125,15.625,0.0,64,0,0,0.0,0
50,226,2021,0.0208333333333333,3.5869565217391304,1.0,3.6875,34.333333333333336,0.0416666666666666,0.8125,0.0208333333333333,0.0,0.0,0.3927785425028781,1.0,0.0,0.9583333333333334,0.375,0.2291666666666666,0.0,1.3980582524271843,20.83333333333333,1.0,48,0,0,20.833333333333332,1
50,226,2022,0.0476190476190476,3.761904761904762,2.0,3.8333333333333335,34.333333333333336,0.0714285714285714,0.8333333333333334,0.0238095238095238,0.0,0.0,0.3927785425028781,1.0,0.0,0.9761904761904762,0.4761904761904761,0.1666666666666666,0.0,1.2233009708737863,47.61904761904761,0.0,42,1,0,0.0,0
50,226,2023,0.03125,4.75,1.0,3.75,34.333333333333336,0.03125,0.8125,0.125,0.0,0.0,0.3927785425028781,1.0,0.0,1.0,0.625,0.0625,0.0,0.9320388349514562,31.25,0.0,32,1,0,0.0,0
50,226,2024,0.0,5.238095238095238,0.0,3.7142857142857135,34.333333333333336,0.0,0.9523809523809524,0.0476190476190476,0.0,0.0,0.3927785425028781,1.0,0.0,1.0,0.6190476190476191,0.0476190476190476,0.0,0.6116504854368932,0.0,0.0,21,0,0,0.0,0
50,245,2020,0.125,5.0,2.0,3.875,34.333333333333336,0.375,0.875,0.0,0.0,0.0,0.3927785425028781,1.0,0.0,0.875,0.75,0.125,0.0,0.233009708737864,250.0,0.0,8,-1,-1,0.0,0
50,245,2021,0.0,6.75,0.0,4.4,34.333333333333336,0.2,1.0,0.2,0.0,0.0,0.3927785425028781,1.0,0.0,0.8,1.0,0.2,0.0,0.145631067961165,0.0,0.0,5,-1,-1,0.0,0
50,245,2022,0.0,3.333333333333333,1.0,3.333333333333333,34.333333333333336,0.0,1.0,0.0,0.0,0.0,0.3927785425028781,1.0,0.0,1.0,1.0,0.0,0.0,0.087378640776699,333.3333333333333,0.0,3,-1,-1,0.0,0
50,245,2023,0.0,3.6666666666666665,0.0,4.666666666666667,34.333333333333336,0.3333333333333333,1.0,0.0,0.0,0.0,0.3927785425028781,1.0,0.0,0.6666666666666666,0.6666666666666666,0.3333333333333333,0.0,0.087378640776699,0.0,0.0,3,-1,-1,0.0,0
50,245,2024,0.0,7.0,0.0,4.5,34.333333333333336,0.0,0.5,0.0,0.0,0.0,0.3927785425028781,1.0,0.0,1.0,1.0,0.0,0.0,0.058252427184466,0.0,0.0,2,-1,-1,0.0,0
50,251,2020,0.0,4.294117647058823,0.0,3.611111111111111,34.333333333333336,0.0555555555555555,0.7222222222222222,0.0,0.0,0.0,0.3927785425028781,1.0,0.0,0.8888888888888888,0.9444444444444444,0.0555555555555555,0.0,0.5242718446601942,0.0,0.0,18,0,0,0.0,0
50,251,2021,0.0526315789473684,3.6666666666666665,0.0,3.421052631578948,34.333333333333336,0.1578947368421052,1.0,0.1052631578947368,0.0,0.0,0.3927785425028781,1.0,0.0,0.9473684210526316,0.8421052631578947,0.0526315789473684,0.0,0.5533980582524272,0.0,1.0,19,1,0,52.63157894736842,1
50,251,2022,0.0,3.571428571428572,0.0,3.7857142857142856,34.333333333333336,0.1428571428571428,1.0,0.0714285714285714,0.0,0.0,0.3927785425028781,1.0,0.0,1.0,0.8571428571428571,0.2142857142857142,0.0,0.4077669902912621,0.0,0.0,14,1,0,0.0,0
50,251,2023,0.0,4.333333333333333,1.0,3.333333333333333,34.333333333333336,0.0,1.0,0.0,0.0,0.0,0.3927785425028781,1.0,0.0,1.0,0.8333333333333334,0.1666666666666666,0.1666666666666666,0.174757281553398,166.66666666666666,0.0,6,-1,-1,0.0,0
50,251,2024,0.0,0.6666666666666666,0.0,3.333333333333333,34.333333333333336,0.0,0.6666666666666666,0.6666666666666666,0.0,0.0,0.3927785425028781,1.0,0.0,1.0,0.6666666666666666,0.6666666666666666,0.0,0.087378640776699,0.0,0.0,3,-1,-1,0.0,0
50,270,2020,0.0454545454545454,5.2105263157894735,0.0,3.6818181818181817,34.333333333333336,0.1818181818181818,0.7727272727272727,0.0454545454545454,0.0,0.0,0.3927785425028781,1.0,0.0,0.8636363636363636,0.9545454545454546,0.1363636363636363,0.0,0.6407766990291262,0.0,0.0,22,0,0,0.0,0
50,270,2021,0.2142857142857142,5.230769230769231,0.0,3.928571428571429,34.333333333333336,0.1428571428571428,0.8571428571428571,0.0,0.0,0.0,0.3927785425028781,1.0,0.0,0.8571428571428571,0.8571428571428571,0.2142857142857142,0.0,0.4077669902912621,0.0,1.0,14,0,0,71.42857142857143,1
50,270,2022,0.0,5.333333333333333,0.0,3.0,34.333333333333336,0.0,0.3333333333333333,0.0,0.0,0.0,0.3927785425028781,1.0,0.0,1.0,1.0,0.0,0.0,0.087378640776699,0.0,0.0,3,-1,-1,0.0,0
50,270,2023,0.0,5.428571428571429,1.0,4.285714285714286,34.333333333333336,0.1428571428571428,0.8571428571428571,0.0,0.0,0.0,0.3927785425028781,1.0,0.0,0.8571428571428571,1.0,0.1428571428571428,0.0,0.203883495145631,142.85714285714286,0.0,7,-1,-1,0.0,0
50,270,2024,0.0,6.333333333333333,0.0,4.0,34.333333333333336,0.0,0.6666666666666666,0.0,0.0,0.0,0.3927785425028781,1.0,0.0,1.0,1.0,0.0,0.0,0.087378640776699,0.0,0.0,3,-1,-1,0.0,0
50,287,2020,0.0,5.6,0.0,4.166666666666667,34.333333333333336,0.25,0.8333333333333334,0.0,0.0,0.0,0.3927785425028781,1.0,0.0,0.8333333333333334,0.9166666666666666,0.25,0.0,0.3495145631067961,0.0,1.0,12,1,0,83.33333333333333,1
50,287,2021,0.0,7.384615384615385,0.0,4.384615384615385,34.333333333333336,0.0,0.8461538461538461,0.0,0.0,0.0,0.3927785425028781,1.0,0.0,1.0,0.9230769230769232,0.0,0.0,0.3786407766990291,0.0,0.0,13,0,0,0.0,0
50,287,2022,0.0,6.0,0.0,3.2857142857142856,34.333333333333336,0.1428571428571428,0.7142857142857143,0.0,0.0,0.0,0.3927785425028781,1.0,0.0,1.0,0.7142857142857143,0.0,0.0,0.203883495145631,0.0,1.0,7,-1,-1,142.85714285714286,1
50,287,2023,0.0,4.0,1.0,4.0,34.333333333333336,0.1428571428571428,0.8571428571428571,0.0,0.0,0.0,0.3927785425028781,1.0,0.0,1.0,1.0,0.0,0.0,0.203883495145631,142.85714285714286,0.0,7,-1,-1,0.0,0
50,287,2024,0.0,7.5,0.0,3.0,34.333333333333336,0.0,1.0,0.0,0.0,0.0,0.3927785425028781,1.0,0.0,1.0,0.75,0.0,0.0,0.116504854368932,0.0,0.0,4,-1,-1,0.0,0
50,313,2020,0.0124910778015703,4.980679785330948,98.0,3.601713062098501,34.333333333333336,0.0007137758743754,0.7765881513204854,0.0510349750178443,0.2758743754461099,0.012847965738758,0.3927785425028781,1.0,0.0,0.994646680942184,0.7444682369735903,0.065667380442541,0.0203426124197002,81.61165048543688,34.97501784439686,18.0,2802,2,0,6.423982869379015,1
50,313,2021,0.0178217821782178,4.924397490921096,37.0,3.575907590759076,34.333333333333336,0.0006600660066006,0.8534653465346534,0.0514851485148514,0.263036303630363,0.0141914191419141,0.3927785425028781,1.0,0.0,0.9937293729372936,0.7907590759075908,0.0488448844884488,0.0171617161716171,88.25242718446601,12.21122112211221,9.0,3030,1,0,2.9702970297029703,0
50,313,2022,0.0200351493848857,4.852021089630932,38.0,3.634446397188049,34.333333333333336,0.0010544815465729,0.8657293497363796,0.0678383128295254,0.2492091388400703,0.0172231985940246,0.3927785425028781,1.0,0.0,0.996133567662566,0.7592267135325131,0.0569420035149384,0.0126537785588752,82.86407766990291,13.35676625659051,14.0,2845,1,0,4.92091388400703,0
50,313,2023,0.0062292358803986,4.932724252491695,23.0,3.6569767441860463,34.333333333333336,0.0012458471760797,0.8372093023255814,0.063953488372093,0.2562292358803987,0.0112126245847176,0.3927785425028781,1.0,0.0,0.9954318936877076,0.7338039867109635,0.0602159468438538,0.0066445182724252,70.13592233009709,9.551495016611296,12.0,2408,1,0,4.983388704318936,0
50,313,2024,0.0068744271310724,4.884509624197984,24.0,3.6906507791017416,34.333333333333336,0.0004582951420714,0.8263061411549038,0.0582034830430797,0.2818515123739688,0.0128322639780018,0.3927785425028781,1.0,0.0,0.998166819431714,0.7557286892758937,0.0559120073327222,0.0032080659945004,63.55339805825242,10.999083409715857,9.0,2182,1,0,4.124656278643446,0
50,318,2020,0.0714285714285714,5.384615384615385,0.0,4.0,34.333333333333336,0.0714285714285714,0.9285714285714286,0.0,0.0,0.0,0.3927785425028781,1.0,0.0,0.9285714285714286,0.7142857142857143,0.0714285714285714,0.0,0.4077669902912621,0.0,0.0,14,0,0,0.0,0
50,318,2021,0.1111111111111111,5.555555555555555,0.0,4.555555555555555,34.333333333333336,0.0,0.7777777777777778,0.1111111111111111,0.0,0.0,0.3927785425028781,1.0,0.0,1.0,0.3333333333333333,0.1111111111111111,0.0,0.2621359223300971,0.0,0.0,9,-1,-1,0.0,0
50,318,2022,0.1428571428571428,5.571428571428571,0.0,3.7142857142857135,34.333333333333336,0.1428571428571428,0.7142857142857143,0.0,0.0,0.0,0.3927785425028781,1.0,0.0,1.0,0.7142857142857143,0.1428571428571428,0.0,0.203883495145631,0.0,1.0,7,-1,-1,142.85714285714286,1
50,318,2023,0.0,5.1,0.0,4.0,34.333333333333336,0.1,0.8,0.0,0.0,0.0,0.3927785425028781,1.0,0.0,1.0,0.8,0.0,0.0,0.2912621359223301,0.0,0.0,10,0,0,0.0,0
50,318,2024,0.0,5.769230769230769,1.0,4.076923076923077,34.333333333333336,0.0,0.5384615384615384,0.0769230769230769,0.0,0.0,0.3927785425028781,1.0,0.0,0.9230769230769232,0.6923076923076923,0.0769230769230769,0.0,0.3786407766990291,76.92307692307693,0.0,13,5,1,0.0,0
50,325,2020,0.058252427184466,1.892307692307692,3.0,3.262135922330097,34.333333333333336,0.4466019417475728,0.8640776699029126,0.0388349514563106,0.0,0.0,0.3927785425028781,1.0,0.0,0.6116504854368932,0.883495145631068,0.5145631067961165,0.0,3.0,29.12621359223301,2.0,103,2,0,19.41747572815534,1
50,325,2021,0.0454545454545454,1.4342105263157894,2.0,3.4454545454545453,34.333333333333336,0.5727272727272728,0.9272727272727272,0.0272727272727272,0.0,0.0,0.3927785425028781,1.0,0.0,0.5272727272727272,0.9363636363636364,0.5727272727272728,0.0,3.203883495145631,18.18181818181818,0.0,110,2,0,0.0,0
50,325,2022,0.0677966101694915,1.3983050847457628,0.0,3.483050847457627,34.333333333333336,0.4576271186440678,0.9322033898305084,0.1016949152542373,0.0,0.0169491525423728,0.3927785425028781,1.0,0.0,0.8305084745762712,0.8728813559322034,0.4067796610169492,0.0,3.436893203883495,0.0,0.0,118,2,0,0.0,0
50,325,2023,0.0,1.6153846153846154,1.0,3.5576923076923075,34.333333333333336,0.3461538461538461,0.903846153846154,0.1153846153846153,0.0,0.0384615384615384,0.3927785425028781,1.0,0.0,0.8269230769230769,0.8653846153846154,0.3076923076923077,0.0,1.5145631067961165,19.230769230769237,0.0,52,2,0,0.0,0
50,325,2024,0.046875,1.4262295081967211,1.0,3.328125,34.333333333333336,0.421875,0.84375,0.0625,0.0,0.0,0.3927785425028781,1.0,0.0,0.671875,0.859375,0.453125,0.046875,1.8640776699029125,15.625,1.0,64,1,0,15.625,1
50,330,2020,0.04,4.725,0.0,3.5,34.333333333333336,0.24,0.9,0.0,0.0,0.0,0.3927785425028781,1.0,0.0,0.8,0.94,0.2,0.0,1.4563106796116505,0.0,0.0,50,0,0,0.0,0
50,330,2021,0.0714285714285714,4.130434782608695,0.0,3.357142857142857,34.333333333333336,0.3214285714285714,0.9285714285714286,0.0,0.0,0.0,0.3927785425028781,1.0,0.0,0.7857142857142857,0.9285714285714286,0.25,0.0357142857142857,0.8155339805825242,0.0,0.0,28,1,0,0.0,0
50,330,2022,0.0333333333333333,3.1,1.0,4.133333333333334,34.333333333333336,0.2,0.8666666666666667,0.0,0.0,0.0,0.3927785425028781,1.0,0.0,0.9666666666666668,0.9,0.1333333333333333,0.0,0.8737864077669902,33.333333333333336,1.0,30,1,0,33.333333333333336,1
50,330,2023,0.0,3.8125,0.0,3.875,34.333333333333336,0.0625,0.84375,0.03125,0.0,0.0,0.3927785425028781,1.0,0.0,0.96875,0.9375,0.0625,0.0,0.9320388349514562,0.0,0.0,32,0,0,0.0,0
50,330,2024,0.0384615384615384,4.923076923076923,0.0,3.5384615384615383,34.333333333333336,0.0384615384615384,0.8846153846153846,0.1538461538461538,0.0,0.0,0.3927785425028781,1.0,0.0,0.9230769230769232,0.9230769230769232,0.0384615384615384,0.0,0.7572815533980582,0.0,0.0,26,1,0,0.0,0
50,350,2020,0.0434782608695652,4.984848484848484,0.0,3.5217391304347827,34.333333333333336,0.3152173913043478,0.967391304347826,0.0217391304347826,0.0,0.0,0.3927785425028781,1.0,0.0,0.7065217391304348,0.9565217391304348,0.3043478260869565,0.0,2.6796116504854366,0.0,1.0,92,1,0,10.869565217391305,1
50,350,2021,0.0446428571428571,4.677083333333333,3.0,3.5982142857142856,34.333333333333336,0.2053571428571428,0.9732142857142856,0.0357142857142857,0.0,0.0,0.3927785425028781,1.0,0.0,0.7946428571428571,0.9553571428571428,0.2410714285714285,0.0,3.262135922330097,26.785714285714285,1.0,112,1,0,8.928571428571429,1
50,350,2022,0.0634920634920634,3.555555555555556,0.0,3.984126984126984,34.333333333333336,0.0952380952380952,0.9206349206349206,0.0317460317460317,0.0,0.0,0.3927785425028781,1.0,0.0,0.9523809523809524,0.9206349206349206,0.1904761904761904,0.0,1.8349514563106797,0.0,0.0,63,0,0,0.0,0
50,350,2023,0.0408163265306122,4.918367346938775,2.0,3.959183673469388,34.333333333333336,0.0612244897959183,1.0,0.0204081632653061,0.0,0.0,0.3927785425028781,1.0,0.0,0.979591836734694,1.0,0.0408163265306122,0.0,1.4271844660194173,40.81632653061224,1.0,49,1,0,20.408163265306122,1
50,350,2024,0.024390243902439,4.175,0.0,3.268292682926829,34.333333333333336,0.1219512195121951,1.0,0.0975609756097561,0.0,0.0,0.3927785425028781,1.0,0.0,0.8536585365853658,0.951219512195122,0.1463414634146341,0.024390243902439,1.194174757281553,0.0,0.0,41,1,0,0.0,0
50,370,2020,0.1549295774647887,3.7,0.0,3.380281690140845,34.333333333333336,0.6197183098591549,0.943661971830986,0.028169014084507,0.0,0.0,0.3927785425028781,1.0,0.0,0.7746478873239436,0.943661971830986,0.2253521126760563,0.0,2.067961165048544,0.0,0.0,71,0,0,0.0,0
50,370,2021,0.2391304347826087,3.240506329113924,0.0,3.8369565217391295,34.333333333333336,0.2717391304347826,0.9456521739130436,0.0869565217391304,0.0,0.0,0.3927785425028781,1.0,0.0,0.8152173913043478,0.8804347826086957,0.2826086956521739,0.0,2.6796116504854366,0.0,0.0,92,2,0,0.0,0
50,370,2022,0.1875,3.425531914893617,0.0,3.5,34.333333333333336,0.2916666666666667,0.875,0.0208333333333333,0.0,0.0,0.3927785425028781,1.0,0.0,0.9791666666666666,0.75,0.0833333333333333,0.0,1.3980582524271843,0.0,0.0,48,0,0,0.0,0
50,370,2023,0.1111111111111111,3.4444444444444446,1.0,3.592592592592593,34.333333333333336,0.4814814814814814,0.8518518518518519,0.0,0.0,0.0,0.3927785425028781,1.0,0.0,0.8888888888888888,0.8518518518518519,0.2222222222222222,0.0,0.7864077669902912,37.03703703703704,1.0,27,1,0,37.03703703703704,1
50,370,2024,0.3666666666666666,4.566666666666666,0.0,3.733333333333333,34.333333333333336,0.5,0.8666666666666667,0.0666666666666666,0.0,0.0,0.3927785425028781,1.0,0.0,1.0,0.9333333333333332,0.0666666666666666,0.0,0.8737864077669902,0.0,1.0,30,0,0,33.333333333333336,1
50,400,2020,0.0303030303030303,5.137931034482759,0.0,4.03030303030303,34.333333333333336,0.2424242424242424,0.9393939393939394,0.0,0.0,0.0,0.3927785425028781,1.0,0.0,0.8484848484848485,0.8181818181818182,0.1515151515151515,0.0,0.9611650485436892,0.0,1.0,33,0,0,30.303030303030305,1
50,400,2021,0.0476190476190476,5.380952380952381,1.0,3.619047619047619,34.333333333333336,0.0476190476190476,0.9047619047619048,0.0,0.0,0.0,0.3927785425028781,1.0,0.0,1.0,0.8095238095238095,0.0476190476190476,0.0,0.6116504854368932,47.61904761904761,0.0,21,1,0,0.0,0
50,400,2022,0.0,4.25,0.0,3.75,34.333333333333336,0.125,1.0,0.0,0.0,0.0,0.3927785425028781,1.0,0.0,0.875,0.625,0.125,0.125,0.233009708737864,0.0,0.0,8,-1,-1,0.0,0
50,400,2023,0.0,2.75,0.0,4.75,34.333333333333336,0.5,1.0,0.5,0.0,0.5,0.3927785425028781,1.0,0.0,1.0,1.0,0.0,0.0,0.116504854368932,0.0,0.0,4,-1,-1,0.0,0
50,400,2024,0.1666666666666666,4.666666666666667,0.0,4.0,34.333333333333336,0.3333333333333333,0.8333333333333334,0.0,0.0,0.0,0.3927785425028781,1.0,0.0,0.6666666666666666,0.8333333333333334,0.3333333333333333,0.0,0.174757281553398,0.0,0.0,6,-1,-1,0.0,0
50,450,2020,0.0526315789473684,2.3,0.0,3.3947368421052637,34.333333333333336,0.5263157894736842,0.9210526315789472,0.0,0.0,0.0,0.3927785425028781,1.0,0.0,0.5,0.6842105263157895,0.6052631578947368,0.0,1.1067961165048543,0.0,0.0,38,2,0,0.0,0
50,450,2021,0.0,1.6923076923076923,0.0,3.6,34.333333333333336,0.4,0.725,0.075,0.0,0.0,0.3927785425028781,1.0,0.0,0.9,0.825,0.4,0.0,1.1650485436893203,0.0,0.0,40,2,0,0.0,0
50,450,2022,0.0,1.3571428571428572,0.0,3.3095238095238093,34.333333333333336,0.3809523809523809,0.8095238095238095,0.0952380952380952,0.0,0.0,0.3927785425028781,1.0,0.0,0.8095238095238095,0.8095238095238095,0.5714285714285714,0.0,1.2233009708737863,0.0,0.0,42,3,1,0.0,0
50,450,2023,0.0,0.8571428571428571,1.0,3.2857142857142856,34.333333333333336,0.4285714285714285,0.8095238095238095,0.1428571428571428,0.0,0.0,0.3927785425028781,1.0,0.0,0.7142857142857143,0.9047619047619048,0.7142857142857143,0.0,0.6116504854368932,47.61904761904761,0.0,21,4,1,0.0,0
50,450,2024,0.0,2.0,0.0,7.0,34.333333333333336,0.5666666666666667,0.8333333333333334,0.1,0.0,0.0,0.3927785425028781,0.9666666666666668,0.0333333333333333,0.5333333333333333,0.8333333333333334,0.5,0.1,0.8737864077669902,0.0,0.0,30,2,0,0.0,0
50,568,2020,0.0213089802130898,2.752577319587629,9.0,3.394216133942161,34.333333333333336,0.4140030441400304,0.9665144596651446,0.0213089802130898,0.0015220700152207,0.0,0.3927785425028781,1.0,0.0,0.589041095890411,0.8386605783866058,0.5418569254185692,0.0,19.135922330097085,13.6986301369863,1.0,657,3,1,1.5220700152207,0
50,568,2021,0.0136612021857923,1.9830220713073008,5.0,3.441256830601093,34.333333333333336,0.4658469945355191,0.9494535519125684,0.0286885245901639,0.0,0.0054644808743169,0.3927785425028781,1.0,0.0,0.575136612021858,0.7841530054644809,0.5327868852459017,0.0027322404371584,21.320388349514563,6.830601092896175,3.0,732,3,1,4.0983606557377055,0
50,568,2022,0.0246153846153846,1.6925465838509317,13.0,3.352307692307692,34.333333333333336,0.3938461538461538,0.8646153846153846,0.0476923076923076,0.0,0.003076923076923,0.3927785425028781,1.0,0.0,0.7446153846153846,0.816923076923077,0.4676923076923077,0.0,18.932038834951456,20.0,4.0,650,2,0,6.153846153846154,0
50,568,2023,0.0294659300184162,1.9189686924493556,14.0,3.4640883977900554,34.333333333333336,0.3020257826887661,0.9116022099447514,0.0349907918968692,0.0,0.005524861878453,0.3927785425028781,1.0,0.0,0.7513812154696132,0.8324125230202578,0.4198895027624309,0.0,15.815533980582524,25.78268876611418,7.0,543,2,0,12.89134438305709,1
50,568,2024,0.0210772833723653,2.03988603988604,6.0,4.470725995316159,34.333333333333336,0.117096018735363,0.9203747072599532,0.0585480093676815,0.0,0.0070257611241217,0.3927785425028781,0.990632318501171,0.009367681498829,0.7166276346604216,0.6463700234192038,0.4964871194379391,0.1779859484777517,12.436893203883496,14.05152224824356,1.0,427,2,0,2.34192037470726,0
50,573,2020,0.0133333333333333,4.490990990990991,4.0,3.5644444444444443,34.333333333333336,0.0444444444444444,0.9333333333333332,0.0577777777777777,0.0,0.0088888888888888,0.3927785425028781,1.0,0.0,0.9866666666666668,0.7155555555555555,0.0666666666666666,0.0044444444444444,6.5533980582524265,17.77777777777778,0.0,225,1,0,0.0,0
50,573,2021,0.0478468899521531,4.485436893203883,2.0,3.5598086124401918,34.333333333333336,0.0478468899521531,0.9234449760765552,0.0287081339712918,0.0,0.0095693779904306,0.3927785425028781,1.0,0.0,0.9808612440191388,0.7272727272727273,0.1004784688995215,0.0,6.0873786407766985,9.569377990430622,0.0,209,1,0,0.0,0
50,573,2022,0.0704225352112676,4.226415094339623,7.0,3.384976525821596,34.333333333333336,0.0328638497652582,0.9154929577464788,0.028169014084507,0.0,0.0093896713615023,0.3927785425028781,1.0,0.0,1.0,0.6901408450704225,0.0985915492957746,0.0046948356807511,6.203883495145631,32.863849765258216,1.0,213,1,0,4.694835680751174,0
50,573,2023,0.0466321243523316,4.466321243523316,7.0,3.6580310880829017,34.333333333333336,0.0518134715025906,0.8911917098445595,0.0466321243523316,0.0,0.0103626943005181,0.3927785425028781,1.0,0.0,0.9948186528497408,0.7253886010362695,0.1088082901554404,0.0,5.621359223300971,36.269430051813465,0.0,193,1,0,0.0,0
50,573,2024,0.0405405405405405,4.547297297297297,2.0,3.574324324324324,34.333333333333336,0.0405405405405405,0.8851351351351351,0.054054054054054,0.0,0.0067567567567567,0.3927785425028781,1.0,0.0,0.972972972972973,0.7162162162162162,0.1013513513513513,0.0067567567567567,4.310679611650485,13.513513513513514,1.0,148,0,0,6.756756756756757,1
50,577,2020,0.0869565217391304,4.318181818181818,0.0,4.086956521739131,34.333333333333336,0.0869565217391304,0.782608695652174,0.0,0.0,0.0,0.3927785425028781,1.0,0.0,0.9565217391304348,0.782608695652174,0.1739130434782608,0.0,0.6699029126213591,0.0,0.0,23,0,0,0.0,0
50,577,2021,0.0,4.166666666666667,0.0,4.25,34.333333333333336,0.0,1.0,0.0833333333333333,0.0,0.0,0.3927785425028781,1.0,0.0,1.0,0.9166666666666666,0.1666666666666666,0.0,0.3495145631067961,0.0,0.0,12,1,0,0.0,0
50,577,2022,0.0,4.769230769230769,0.0,3.923076923076923,34.333333333333336,0.0769230769230769,0.8461538461538461,0.0769230769230769,0.0,0.0,0.3927785425028781,1.0,0.0,1.0,0.7692307692307693,0.1538461538461538,0.0,0.3786407766990291,0.0,0.0,13,1,0,0.0,0
50,577,2023,0.0,4.111111111111111,1.0,3.888888888888889,34.333333333333336,0.1111111111111111,0.8888888888888888,0.1111111111111111,0.0,0.0,0.3927785425028781,1.0,0.0,1.0,0.6666666666666666,0.0,0.0,0.2621359223300971,111.1111111111111,0.0,9,-1,-1,0.0,0
50,577,2024,0.0,4.0,0.0,2.75,34.333333333333336,0.25,1.0,0.0,0.0,0.0,0.3927785425028781,1.0,0.0,0.875,1.0,0.125,0.0,0.233009708737864,0.0,0.0,8,-1,-1,0.0,0
50,590,2020,0.0526315789473684,4.541666666666667,2.0,3.6140350877192975,34.333333333333336,0.175438596491228,0.6842105263157895,0.0350877192982456,0.0,0.0,0.3927785425028781,1.0,0.0,0.8245614035087719,0.8421052631578947,0.1929824561403508,0.0,1.6601941747572817,35.08771929824561,0.0,57,1,0,0.0,0
50,590,2021,0.0149253731343283,4.818181818181818,1.0,3.716417910447761,34.333333333333336,0.0149253731343283,0.6417910447761194,0.0597014925373134,0.0,0.0,0.3927785425028781,1.0,0.0,0.9850746268656716,0.7164179104477612,0.0298507462686567,0.0149253731343283,1.9514563106796117,14.92537313432836,0.0,67,0,0,0.0,0
50,590,2022,0.048780487804878,3.8536585365853657,1.0,3.829268292682927,34.333333333333336,0.048780487804878,0.8780487804878049,0.0975609756097561,0.0,0.0,0.3927785425028781,1.0,0.0,0.951219512195122,0.8292682926829268,0.0975609756097561,0.0,1.194174757281553,24.390243902439025,0.0,41,1,0,0.0,0
50,590,2023,0.0263157894736842,3.789473684210526,0.0,3.736842105263158,34.333333333333336,0.0,0.8421052631578947,0.0263157894736842,0.0,0.0,0.3927785425028781,1.0,0.0,0.9473684210526316,0.8157894736842105,0.1052631578947368,0.0,1.1067961165048543,0.0,0.0,38,0,0,0.0,0
50,590,2024,0.0476190476190476,4.571428571428571,0.0,3.1904761904761907,34.333333333333336,0.0476190476190476,0.9047619047619048,0.0476190476190476,0.0,0.0,0.3927785425028781,1.0,0.0,0.9523809523809524,0.8571428571428571,0.1428571428571428,0.0,0.6116504854368932,0.0,0.0,21,0,0,0.0,0
50,606,2020,0.0,5.153846153846154,1.0,3.851851851851852,34.333333333333336,0.037037037037037,0.8888888888888888,0.0,0.0,0.0,0.3927785425028781,1.0,0.0,0.9629629629629628,0.6296296296296297,0.1111111111111111,0.0,0.7864077669902912,37.03703703703704,2.0,27,1,0,74.07407407407408,1
50,606,2021,0.0,5.727272727272728,0.0,3.6818181818181817,34.333333333333336,0.0,0.6363636363636364,0.0,0.0,0.0,0.3927785425028781,1.0,0.0,1.0,0.4090909090909091,0.0454545454545454,0.0909090909090909,0.6407766990291262,0.0,0.0,22,0,0,0.0,0
50,606,2022,0.0625,4.875,0.0,3.125,34.333333333333336,0.0625,0.875,0.0,0.0,0.0,0.3927785425028781,1.0,0.0,1.0,0.625,0.0,0.0,0.4660194174757281,0.0,0.0,16,0,0,0.0,0
50,606,2023,0.0,5.25,0.0,3.333333333333333,34.333333333333336,0.0833333333333333,1.0,0.0,0.0,0.0,0.3927785425028781,1.0,0.0,1.0,0.75,0.0,0.0,0.3495145631067961,0.0,0.0,12,0,0,0.0,0
50,606,2024,0.0,5.461538461538462,0.0,3.769230769230769,34.333333333333336,0.0,0.6923076923076923,0.0769230769230769,0.0,0.0,0.3927785425028781,1.0,0.0,1.0,0.6153846153846154,0.1538461538461538,0.0,0.3786407766990291,0.0,0.0,13,1,0,0.0,0
50,680,2020,0.08,5.62,1.0,3.52,34.333333333333336,0.0,0.92,0.0,0.0,0.04,0.3927785425028781,1.0,0.0,1.0,0.62,0.0,0.0,1.4563106796116505,20.0,1.0,50,0,0,20.0,1
50,680,2021,0.0227272727272727,3.8372093023255816,2.0,3.25,34.333333333333336,0.1136363636363636,0.8636363636363636,0.0681818181818181,0.0,0.0,0.3927785425028781,1.0,0.0,0.9772727272727272,0.5681818181818182,0.1363636363636363,0.0,1.2815533980582523,45.45454545454545,1.0,44,1,0,22.727272727272727,1
50,680,2022,0.0,4.419354838709677,0.0,3.161290322580645,34.333333333333336,0.032258064516129,0.8387096774193549,0.032258064516129,0.0,0.0,0.3927785425028781,1.0,0.0,1.0,0.6129032258064516,0.0967741935483871,0.0,0.9029126213592232,0.0,0.0,31,0,0,0.0,0
50,680,2023,0.0,5.033333333333333,0.0,4.066666666666666,34.333333333333336,0.0333333333333333,0.8,0.0,0.0,0.0,0.3927785425028781,1.0,0.0,1.0,0.5666666666666667,0.0333333333333333,0.0,0.8737864077669902,0.0,0.0,30,0,0,0.0,0
50,680,2024,0.032258064516129,6.064516129032258,0.0,3.4516129032258065,34.333333333333336,0.0,0.8709677419354839,0.0967741935483871,0.0,0.0,0.3927785425028781,1.0,0.0,1.0,0.6774193548387096,0.032258064516129,0.0,0.9029126213592232,0.0,1.0,31,1,0,32.25806451612903,1
50,683,2020,0.0,5.0,0.0,4.052631578947368,34.333333333333336,0.1052631578947368,0.8947368421052632,0.0,0.0,0.0,0.3927785425028781,1.0,0.0,1.0,0.8421052631578947,0.1052631578947368,0.0,0.5533980582524272,0.0,0.0,19,0,0,0.0,0
50,683,2021,0.0,5.142857142857143,0.0,4.285714285714286,34.333333333333336,0.0,0.7142857142857143,0.1428571428571428,0.0,0.0,0.3927785425028781,1.0,0.0,1.0,0.8571428571428571,0.0,0.0,0.203883495145631,0.0,0.0,7,-1,-1,0.0,0
50,683,2022,0.1666666666666666,4.666666666666667,0.0,4.0,34.333333333333336,0.0,0.8333333333333334,0.0,0.0,0.0,0.3927785425028781,1.0,0.0,1.0,0.6666666666666666,0.0,0.0,0.174757281553398,0.0,0.0,6,-1,-1,0.0,0
50,683,2023,0.0,2.833333333333333,0.0,3.1666666666666665,34.333333333333336,0.0,1.0,0.1666666666666666,0.0,0.0,0.3927785425028781,1.0,0.0,1.0,1.0,0.0,0.0,0.174757281553398,0.0,0.0,6,-1,-1,0.0,0
50,683,2024,0.0,4.5,0.0,3.5,34.333333333333336,0.0,0.5,0.0,0.0,0.0,0.3927785425028781,1.0,0.0,1.0,1.0,0.0,0.0,0.058252427184466,0.0,0.0,2,-1,-1,0.0,0
50,686,2020,0.1176470588235294,5.1875,0.0,3.235294117647059,34.333333333333336,0.0588235294117647,0.8823529411764706,0.0588235294117647,0.0,0.0,0.3927785425028781,1.0,0.0,0.9411764705882352,0.8235294117647058,0.0588235294117647,0.0,0.4951456310679611,0.0,1.0,17,0,0,58.8235294117647,1
50,686,2021,0.0625,5.75,0.0,3.8125,34.333333333333336,0.0,0.9375,0.0,0.0,0.0,0.3927785425028781,1.0,0.0,1.0,0.9375,0.0,0.0,0.4660194174757281,0.0,0.0,16,0,0,0.0,0
50,686,2022,0.0,6.0,1.0,3.6,34.333333333333336,0.0,1.0,0.2,0.0,0.0,0.3927785425028781,1.0,0.0,1.0,1.0,0.0,0.0,0.145631067961165,200.0,0.0,5,-1,-1,0.0,0
50,686,2023,0.0,6.0,0.0,4.25,34.333333333333336,0.0,0.875,0.0,0.0,0.0,0.3927785425028781,1.0,0.0,1.0,0.875,0.0,0.0,0.233009708737864,0.0,0.0,8,-1,-1,0.0,0
50,686,2024,0.0,6.0,0.0,4.0,34.333333333333336,0.0,1.0,0.0,0.0,0.0,0.3927785425028781,1.0,0.0,1.0,1.0,0.0,0.0,0.058252427184466,0.0,0.0,2,-1,-1,0.0,0
50,689,2020,0.0465116279069767,5.857142857142857,2.0,3.744186046511628,34.333333333333336,0.0232558139534883,0.8837209302325582,0.0232558139534883,0.0,0.0,0.3927785425028781,1.0,0.0,0.9767441860465116,0.7209302325581395,0.0697674418604651,0.0,1.2524271844660193,46.51162790697674,0.0,43,1,0,0.0,0
50,689,2021,0.0294117647058823,5.352941176470588,0.0,3.941176470588236,34.333333333333336,0.0294117647058823,0.8823529411764706,0.0,0.0,0.0,0.3927785425028781,1.0,0.0,0.9705882352941176,0.5588235294117647,0.0588235294117647,0.0294117647058823,0.9902912621359222,0.0,0.0,34,0,0,0.0,0
50,689,2022,0.0,5.047619047619048,0.0,3.809523809523809,34.333333333333336,0.0,0.8571428571428571,0.0476190476190476,0.0,0.0,0.3927785425028781,1.0,0.0,1.0,0.7142857142857143,0.0952380952380952,0.0476190476190476,0.6116504854368932,0.0,0.0,21,0,0,0.0,0
50,689,2023,0.0,5.0344827586206895,1.0,3.5517241379310347,34.333333333333336,0.0344827586206896,0.7586206896551724,0.0689655172413793,0.0,0.0,0.3927785425028781,1.0,0.0,1.0,0.6206896551724138,0.0689655172413793,0.0,0.8446601941747572,34.48275862068965,0.0,29,2,0,0.0,0
50,689,2024,0.0512820512820512,6.230769230769231,0.0,3.717948717948718,34.333333333333336,0.0,0.7948717948717948,0.0256410256410256,0.0,0.0,0.3927785425028781,1.0,0.0,1.0,0.6153846153846154,0.0,0.0,1.135922330097087,0.0,0.0,39,0,0,0.0,0
50,711,2020,0.0,3.739130434782609,1.0,3.445544554455445,34.333333333333336,0.099009900990099,0.9108910891089108,0.0297029702970297,0.0,0.0,0.3927785425028781,1.0,0.0,0.9108910891089108,0.8811881188118812,0.198019801980198,0.0099009900990099,2.9417475728155336,9.9009900990099,1.0,101,0,0,9.900990099009901,1
50,711,2021,0.0303030303030303,4.096774193548387,2.0,3.333333333333333,34.333333333333336,0.1212121212121212,0.9393939393939394,0.0454545454545454,0.0,0.0,0.3927785425028781,1.0,0.0,0.9242424242424242,0.9090909090909092,0.1969696969696969,0.0,1.9223300970873785,30.303030303030305,0.0,66,0,0,0.0,0
50,711,2022,0.0181818181818181,3.8,1.0,3.654545454545455,34.333333333333336,0.0909090909090909,0.9090909090909092,0.0363636363636363,0.0,0.0,0.3927785425028781,1.0,0.0,0.9818181818181818,0.8363636363636363,0.0909090909090909,0.0,1.6019417475728157,18.18181818181818,0.0,55,0,0,0.0,0
50,711,2023,0.0,4.545454545454546,0.0,3.4545454545454546,34.333333333333336,0.0,1.0,0.0,0.0,0.0,0.3927785425028781,1.0,0.0,1.0,0.9090909090909092,0.0909090909090909,0.0,0.3203883495145631,0.0,1.0,11,0,0,90.9090909090909,1
50,711,2024,0.0,5.052631578947368,0.0,4.157894736842105,34.333333333333336,0.0,1.0,0.1578947368421052,0.0,0.0,0.3927785425028781,1.0,0.0,1.0,0.9473684210526316,0.0,0.0,0.5533980582524272,0.0,0.0,19,1,0,0.0,0
81,1,2020,0.011090573012939,4.446470313230481,246.0,3.4824399260628467,34.333333333333336,0.0134011090573012,0.8230129390018485,0.071626617375231,0.3530499075785582,0.0078558225508317,0.3927785425028781,1.0,0.0,0.983826247689464,0.4574861367837338,0.0559149722735674,0.0143253234750462,63.02912621359223,113.67837338262476,11.0,2164,6,1,5.0831792975970425,0
81,1,2021,0.011909825606125,4.5886889460154245,165.0,3.478945129732029,34.333333333333336,0.0085070182900893,0.8370905997447895,0.0778392173543173,0.3683538919608677,0.018290089323692,0.3927785425028781,1.0,0.0,0.9893662271373884,0.4636324968098681,0.0574223734581029,0.0136112292641429,68.4757281553398,70.18290089323692,10.0,2351,6,1,4.253509145044662,0
81,1,2022,0.0262582056892779,4.788261108063631,153.0,3.5924507658643328,34.333333333333336,0.0125820568927789,0.8183807439824945,0.0836980306345733,0.37472647702407,0.0202407002188183,0.3927785425028781,0.99945295404814,0.0005470459518599,0.9835886214442012,0.5886214442013129,0.0590809628008752,0.0103938730853391,53.24271844660194,83.6980306345733,14.0,1828,6,1,7.658643326039387,1
81,1,2023,0.0282369146005509,5.076446280991736,145.0,3.637052341597796,34.333333333333336,0.0068870523415977,0.7424242424242424,0.0750688705234159,0.3829201101928374,0.0206611570247933,0.3927785425028781,1.0,0.0,0.9917355371900828,0.65633608815427,0.0454545454545454,0.0048209366391184,42.29126213592232,99.86225895316804,5.0,1452,6,1,3.443526170798898,0
81,1,2024,0.005050505050505,5.117944397641112,107.0,3.706228956228956,34.333333333333336,0.0058922558922558,0.7971380471380471,0.0707070707070707,0.4132996632996633,0.0202020202020202,0.3927785425028781,0.9991582491582492,0.0008417508417508,0.9924242424242424,0.6927609427609428,0.0336700336700336,0.0067340067340067,34.601941747572816,90.06734006734007,5.0,1188,6,1,4.2087542087542085,0
81,65,2020,0.1493212669683258,3.746192893401015,11.0,3.5475113122171944,34.333333333333336,0.3981900452488687,0.7918552036199095,0.0452488687782805,0.0,0.0,0.3927785425028781,1.0,0.0,0.9049773755656108,0.6108597285067874,0.1809954751131221,0.0,6.436893203883495,49.77375565610859,1.0,221,2,0,4.524886877828055,0
81,65,2021,0.12,3.7327188940092166,6.0,3.3866666666666667,34.333333333333336,0.3422222222222222,0.8088888888888889,0.0577777777777777,0.0,0.0,0.3927785425028781,1.0,0.0,0.9111111111111112,0.5644444444444444,0.1688888888888889,0.0,6.5533980582524265,26.666666666666668,1.0,225,1,0,4.444444444444445,0
81,65,2022,0.0625,3.6666666666666665,3.0,4.21875,34.333333333333336,0.40625,0.875,0.025,0.0,0.0125,0.3927785425028781,0.99375,0.00625,0.88125,0.71875,0.20625,0.00625,4.660194174757281,18.75,0.0,160,0,0,0.0,0
81,65,2023,0.0656934306569343,4.445255474452555,3.0,3.4452554744525545,34.333333333333336,0.3065693430656934,0.8978102189781022,0.072992700729927,0.0072992700729927,0.0,0.3927785425028781,1.0,0.0,0.9343065693430656,0.7372262773722628,0.1021897810218978,0.0,3.990291262135922,21.897810218978105,0.0,137,1,0,0.0,0
81,65,2024,0.024,4.050847457627119,2.0,5.888,34.333333333333336,0.408,0.896,0.048,0.0,0.0,0.3927785425028781,0.976,0.024,0.84,0.76,0.264,0.064,3.640776699029126,16.0,0.0,125,1,0,0.0,0
81,220,2020,0.0,4.961538461538462,0.0,3.615384615384616,34.333333333333336,0.0384615384615384,0.8846153846153846,0.1153846153846153,0.0,0.0,0.3927785425028781,1.0,0.0,1.0,0.6538461538461539,0.0769230769230769,0.0384615384615384,0.7572815533980582,0.0,0.0,26,1,0,0.0,0
81,220,2021,0.1224489795918367,4.020833333333333,2.0,3.4285714285714284,34.333333333333336,0.0408163265306122,0.6938775510204082,0.0408163265306122,0.0,0.0,0.3927785425028781,1.0,0.0,0.979591836734694,0.7755102040816326,0.2448979591836734,0.0204081632653061,1.4271844660194173,40.81632653061224,0.0,49,2,0,0.0,0
81,220,2022,0.5357142857142857,3.1785714285714284,0.0,3.2142857142857144,34.333333333333336,0.0357142857142857,0.8928571428571429,0.0714285714285714,0.0,0.0,0.3927785425028781,1.0,0.0,0.9285714285714286,0.8214285714285714,0.0714285714285714,0.0,0.8155339805825242,0.0,1.0,28,1,0,35.714285714285715,1
81,220,2023,0.0714285714285714,5.214285714285714,0.0,4.214285714285714,34.333333333333336,0.0714285714285714,0.8571428571428571,0.0,0.0,0.0,0.3927785425028781,1.0,0.0,1.0,0.7142857142857143,0.1428571428571428,0.0,0.4077669902912621,0.0,1.0,14,0,0,71.42857142857143,1
81,220,2024,0.0526315789473684,4.052631578947368,0.0,3.3157894736842106,34.333333333333336,0.1578947368421052,0.6842105263157895,0.2105263157894736,0.0,0.0,0.3927785425028781,1.0,0.0,1.0,0.8421052631578947,0.0526315789473684,0.0,0.5533980582524272,0.0,0.0,19,1,0,0.0,0
81,300,2020,0.0341880341880341,4.63,2.0,3.5213675213675213,34.333333333333336,0.1794871794871795,0.7692307692307693,0.0341880341880341,0.0,0.0,0.3927785425028781,1.0,0.0,0.8461538461538461,0.8205128205128205,0.2307692307692307,0.0085470085470085,3.407766990291262,17.094017094017097,0.0,117,0,0,0.0,0
81,300,2021,0.0683760683760683,4.86734693877551,3.0,3.427350427350427,34.333333333333336,0.2478632478632478,0.7606837606837606,0.0512820512820512,0.0,0.0,0.3927785425028781,1.0,0.0,0.8290598290598291,0.7863247863247863,0.282051282051282,0.0,3.407766990291262,25.64102564102564,0.0,117,1,0,0.0,0
81,300,2022,0.0317460317460317,3.3833333333333333,9.0,3.3174603174603177,34.333333333333336,0.3333333333333333,0.7619047619047619,0.0476190476190476,0.0,0.0,0.3927785425028781,1.0,0.0,0.8571428571428571,0.7936507936507936,0.2698412698412698,0.0,1.8349514563106797,142.85714285714286,1.0,63,5,1,15.873015873015872,1
81,300,2023,0.0,4.426229508196721,6.0,3.19672131147541,34.333333333333336,0.2295081967213114,0.819672131147541,0.0327868852459016,0.0,0.0,0.3927785425028781,1.0,0.0,0.8032786885245902,0.8032786885245902,0.2131147540983606,0.0,1.7766990291262137,98.36065573770492,1.0,61,4,1,16.393442622950822,1
81,300,2024,0.0289855072463768,3.8260869565217392,2.0,3.782608695652174,34.333333333333336,0.3478260869565217,0.782608695652174,0.0579710144927536,0.0,0.0,0.3927785425028781,1.0,0.0,0.7971014492753623,0.9130434782608696,0.2028985507246377,0.0289855072463768,2.0097087378640777,28.98550724637681,0.0,69,0,0,0.0,0
81,591,2020,0.15,4.1,0.0,3.325,34.333333333333336,0.025,0.9,0.025,0.0,0.0,0.3927785425028781,1.0,0.0,0.975,0.8,0.05,0.0,1.1650485436893203,0.0,0.0,40,0,0,0.0,0
81,591,2021,0.108695652173913,3.978260869565217,1.0,3.0869565217391304,34.333333333333336,0.0217391304347826,0.782608695652174,0.0217391304347826,0.0,0.0,0.3927785425028781,1.0,0.0,0.9782608695652174,0.6956521739130435,0.0652173913043478,0.0,1.3398058252427183,21.73913043478261,0.0,46,0,0,0.0,0
81,591,2022,0.05,4.575,0.0,3.3,34.333333333333336,0.0,0.95,0.025,0.0,0.0,0.3927785425028781,1.0,0.0,1.0,0.775,0.025,0.0,1.1650485436893203,0.0,0.0,40,0,0,0.0,0
81,591,2023,0.0555555555555555,4.888888888888889,2.0,3.6666666666666665,34.333333333333336,0.1666666666666666,0.7222222222222222,0.0,0.0,0.0,0.3927785425028781,1.0,0.0,0.9444444444444444,0.9444444444444444,0.0555555555555555,0.0,0.5242718446601942,111.1111111111111,0.0,18,4,1,0.0,0
81,591,2024,0.0476190476190476,4.095238095238095,2.0,3.333333333333333,34.333333333333336,0.0476190476190476,0.9047619047619048,0.0,0.0,0.0,0.3927785425028781,1.0,0.0,1.0,0.8571428571428571,0.0476190476190476,0.0,0.6116504854368932,95.23809523809524,0.0,21,4,1,0.0,0
81,736,2020,0.0195771339075959,4.502568154879494,413.0,3.5548159749412687,34.333333333333336,0.0097885669537979,0.8054032889584964,0.0438527799530148,0.4287392325763508,0.0180109631949882,0.3927785425028781,1.0,0.0,0.9859044635865308,0.6558339859044636,0.0994518402505873,0.0062646828504306,74.3883495145631,161.70712607674236,15.0,2554,5,1,5.873140172278779,0
81,736,2021,0.0190621425848265,4.790688726433244,426.0,3.544414792222646,34.333333333333336,0.0114372855508959,0.8120472741136103,0.0507052992756385,0.3987800228745711,0.0167746854746473,0.3927785425028781,1.0,0.0,0.9874189858940144,0.6641250476553565,0.0899733130003812,0.0110560426991993,76.39805825242718,162.40945482272207,4.0,2623,5,1,1.5249714067861229,0
81,736,2022,0.0168411470186618,5.240656335460346,325.0,3.614929449248976,34.333333333333336,0.0100136549840691,0.7819754210286755,0.0446062812926718,0.408284023668639,0.0136549840691852,0.3927785425028781,1.0,0.0,0.9899863450159307,0.7346381429221666,0.0746472462448793,0.0054619936276741,63.99029126213592,147.92899408284023,6.0,2197,5,1,2.7309968138370504,0
81,736,2023,0.0134797803295057,5.411382925611583,306.0,3.720419370943584,34.333333333333336,0.0074887668497254,0.747378931602596,0.0414378432351472,0.3969046430354468,0.0049925112331502,0.3927785425028781,1.0,0.0,0.9925112331502746,0.782326510234648,0.0574138791812281,0.0044932601098352,58.33980582524271,152.7708437343984,6.0,2003,5,1,2.9955067398901645,0
81,736,2024,0.011072261072261,5.686297376093295,278.0,3.6794871794871793,34.333333333333336,0.0122377622377622,0.7342657342657343,0.0483682983682983,0.4481351981351981,0.018065268065268,0.3927785425028781,1.0,0.0,0.9854312354312356,0.7977855477855478,0.0565268065268065,0.0081585081585081,49.98058252427184,162.004662004662,11.0,1716,5,1,6.41025641025641,0
81,794,2020,0.0172744721689059,3.580568720379147,10.0,3.5163147792706333,34.333333333333336,0.3493282149712092,0.8214971209213052,0.0287907869481765,0.0,0.0057581573896353,0.3927785425028781,1.0,0.0,0.8195777351247601,0.763915547024952,0.2955854126679462,0.0211132437619961,15.174757281553395,19.193857965451052,4.0,521,2,0,7.677543186180422,1
81,794,2021,0.0200364298724954,3.8347457627118646,10.0,3.469945355191257,34.333333333333336,0.3278688524590163,0.8688524590163934,0.0455373406193078,0.0,0.0,0.3927785425028781,1.0,0.0,0.8542805100182149,0.7486338797814208,0.2404371584699453,0.0036429872495446,15.99029126213592,18.21493624772313,3.0,549,2,0,5.46448087431694,0
81,794,2022,0.0116822429906542,3.73019801980198,5.0,3.5957943925233646,34.333333333333336,0.2570093457943925,0.8130841121495327,0.0467289719626168,0.0070093457943925,0.0,0.3927785425028781,1.0,0.0,0.8551401869158879,0.7780373831775701,0.2336448598130841,0.0070093457943925,12.466019417475728,11.682242990654204,1.0,428,2,0,2.336448598130841,0
81,794,2023,0.0159362549800796,3.824701195219124,10.0,3.553784860557769,34.333333333333336,0.247011952191235,0.8565737051792829,0.0278884462151394,0.0,0.0,0.3927785425028781,1.0,0.0,0.8247011952191236,0.8406374501992032,0.1633466135458167,0.0039840637450199,7.310679611650485,39.8406374501992,2.0,251,2,0,7.968127490039841,1
81,794,2024,0.0046511627906976,3.94811320754717,11.0,4.618604651162791,34.333333333333336,0.3255813953488372,0.8372093023255814,0.041860465116279,0.0,0.0,0.3927785425028781,0.9906976744186048,0.0093023255813953,0.7395348837209302,0.8325581395348837,0.2604651162790697,0.0232558139534883,6.2621359223300965,51.16279069767442,1.0,215,6,1,4.651162790697675,0
85,1,2020,0.0279024390243902,4.805544709098009,75.0,3.7992195121951218,34.333333333333336,0.0042926829268292,0.6987317073170731,0.0688780487804878,0.4583414634146341,0.024390243902439,0.3927785425028781,1.0,0.0,0.9959024390243902,0.5160975609756098,0.1242926829268292,0.0185365853658536,149.27184466019418,14.634146341463415,35.0,5125,2,0,6.829268292682927,1
85,1,2021,0.0296039984621299,5.174740484429066,54.0,3.816224529027297,34.333333333333336,0.0017301038062283,0.7349096501345637,0.0663206459054209,0.4361783929257978,0.0144175317185697,0.3927785425028781,1.0,0.0,0.9975009611687812,0.5538254517493272,0.1113033448673587,0.0205690119184928,151.51456310679612,10.38062283737024,30.0,5202,1,0,5.767012687427912,0
85,1,2022,0.0203368940016433,5.552999178307313,38.0,3.8746918652424,34.333333333333336,0.0006162695152013,0.7089153656532456,0.0630649137222678,0.4511092851273623,0.0131470829909613,0.3927785425028781,1.0,0.0,0.998151191454396,0.5721035332785538,0.0727198027937551,0.0209531635168447,141.7864077669903,7.80608052588332,39.0,4868,1,0,8.01150369761709,1
85,1,2023,0.0087073007367716,5.626925653047556,29.0,3.957133288680509,34.333333333333336,0.0011163206072784,0.6753739674034382,0.0678722929225273,0.4427327528466175,0.0189774503237329,0.3927785425028781,1.0,0.0,0.9991069435141772,0.5918731859790132,0.0468854655056932,0.0058048671578477,130.45631067961165,6.47465952221478,29.0,4479,1,0,6.47465952221478,1
85,1,2024,0.0100582318687136,5.84356802541027,28.0,3.9518263631551087,34.333333333333336,0.0002646903123345,0.6476971942826892,0.0622022233986236,0.4854420328215987,0.0127051349920592,0.3927785425028781,1.0,0.0,0.9984118581259924,0.5971413446267867,0.0370566437268395,0.0063525674960296,110.03883495145632,7.411328745367919,24.0,3778,1,0,6.352567496029645,0
85,10,2020,0.036231884057971,5.233576642335766,0.0,3.652173913043478,34.333333333333336,0.0072463768115942,0.8188405797101449,0.0072463768115942,0.0,0.0,0.3927785425028781,1.0,0.0,0.9927536231884058,0.6086956521739131,0.1521739130434782,0.0,4.019417475728155,0.0,1.0,138,0,0,7.246376811594203,1
85,10,2021,0.0547945205479452,5.136986301369863,2.0,3.506849315068493,34.333333333333336,0.0068493150684931,0.8698630136986302,0.0410958904109589,0.0,0.0,0.3927785425028781,1.0,0.0,1.0,0.636986301369863,0.1506849315068493,0.0,4.252427184466019,13.6986301369863,0.0,146,0,0,0.0,0
85,10,2022,0.0181818181818181,5.463636363636364,0.0,3.5545454545454547,34.333333333333336,0.009090909090909,0.8181818181818182,0.0454545454545454,0.0,0.0,0.3927785425028781,1.0,0.0,1.0,0.6,0.1,0.0,3.203883495145631,0.0,2.0,110,0,0,18.18181818181818,1
85,10,2023,0.024390243902439,6.012195121951219,0.0,3.768292682926829,34.333333333333336,0.0,0.7073170731707317,0.0365853658536585,0.0,0.0,0.3927785425028781,1.0,0.0,1.0,0.6829268292682927,0.048780487804878,0.0121951219512195,2.388349514563106,0.0,3.0,82,0,0,36.58536585365854,1
85,10,2024,0.046875,7.015625,0.0,3.6875,34.333333333333336,0.03125,0.765625,0.03125,0.0,0.0,0.3927785425028781,1.0,0.0,1.0,0.671875,0.0,0.0,1.8640776699029125,0.0,0.0,64,0,0,0.0,0
85,15,2020,0.0,5.142857142857143,0.0,4.0,34.333333333333336,0.0,1.0,0.0,0.0,0.0,0.3927785425028781,1.0,0.0,1.0,0.8571428571428571,0.1428571428571428,0.0,0.203883495145631,0.0,0.0,7,-1,-1,0.0,0
85,15,2021,0.0,6.714285714285714,0.0,4.428571428571429,34.333333333333336,0.0,0.5714285714285714,0.0,0.0,0.0,0.3927785425028781,1.0,0.0,1.0,0.7142857142857143,0.0,0.0,0.203883495145631,0.0,0.0,7,-1,-1,0.0,0
85,15,2022,0.0,5.142857142857143,0.0,4.0,34.333333333333336,0.0,0.8571428571428571,0.2857142857142857,0.0,0.0,0.3927785425028781,1.0,0.0,1.0,0.8571428571428571,0.0,0.0,0.203883495145631,0.0,0.0,7,-1,-1,0.0,0
85,15,2023,0.0,5.666666666666667,0.0,4.0,34.333333333333336,0.0,1.0,0.0,0.0,0.0,0.3927785425028781,1.0,0.0,1.0,1.0,0.0,0.0,0.087378640776699,0.0,0.0,3,-1,-1,0.0,0
85,15,2024,0.0,5.0,0.0,4.5,34.333333333333336,0.0,0.75,0.0,0.0,0.0,0.3927785425028781,1.0,0.0,1.0,0.75,0.25,0.0,0.116504854368932,0.0,0.0,4,-1,-1,0.0,0
85,125,2020,0.0648148148148148,4.052083333333333,1.0,3.388888888888889,34.333333333333336,0.4537037037037037,0.9444444444444444,0.0092592592592592,0.0,0.0185185185185185,0.3927785425028781,1.0,0.0,0.8888888888888888,0.8703703703703703,0.1481481481481481,0.0,3.145631067961165,9.25925925925926,0.0,108,0,0,0.0,0
85,125,2021,0.0186915887850467,4.515789473684211,0.0,3.439252336448598,34.333333333333336,0.2897196261682243,0.897196261682243,0.0186915887850467,0.0,0.0,0.3927785425028781,1.0,0.0,0.9626168224299064,0.8411214953271028,0.1962616822429906,0.0,3.116504854368932,0.0,0.0,107,0,0,0.0,0
85,125,2022,0.0,4.876923076923077,1.0,3.476923076923077,34.333333333333336,0.1692307692307692,0.8923076923076924,0.0615384615384615,0.0,0.0,0.3927785425028781,1.0,0.0,0.9384615384615383,0.8307692307692308,0.1076923076923077,0.0153846153846153,1.8932038834951452,15.384615384615383,0.0,65,0,0,0.0,0
85,125,2023,0.0857142857142857,5.696969696969697,0.0,6.514285714285714,34.333333333333336,0.1428571428571428,0.9142857142857144,0.0571428571428571,0.0,0.0,0.3927785425028781,0.9714285714285714,0.0285714285714285,0.9142857142857144,0.8,0.0857142857142857,0.0571428571428571,1.019417475728155,0.0,2.0,35,0,0,57.14285714285714,1
85,125,2024,0.0263157894736842,4.837837837837838,2.0,3.6052631578947367,34.333333333333336,0.2894736842105263,0.9473684210526316,0.0789473684210526,0.0,0.0,0.3927785425028781,1.0,0.0,0.9736842105263158,0.7631578947368421,0.1052631578947368,0.0263157894736842,1.1067961165048543,52.63157894736842,1.0,38,5,1,26.31578947368421,1
85,136,2020,0.0,4.5,0.0,4.0,34.333333333333336,0.3333333333333333,1.0,0.0,0.0,0.0,0.3927785425028781,1.0,0.0,0.6666666666666666,1.0,0.3333333333333333,0.0,0.087378640776699,0.0,0.0,3,-1,-1,0.0,0
85,136,2021,0.0,9.0,0.0,3.333333333333333,34.333333333333336,0.0,1.0,0.0,0.0,0.0,0.3927785425028781,1.0,0.0,1.0,0.6666666666666666,0.0,0.0,0.087378640776699,0.0,0.0,3,-1,-1,0.0,0
85,136,2022,0.0,7.0,0.0,3.6666666666666665,34.333333333333336,0.0,1.0,0.0,0.0,0.0,0.3927785425028781,1.0,0.0,1.0,1.0,0.0,0.0,0.087378640776699,0.0,0.0,3,-1,-1,0.0,0
85,136,2023,0.0,1.0,0.0,4.0,34.333333333333336,1.0,0.0,0.0,0.0,0.0,0.3927785425028781,1.0,0.0,1.0,1.0,0.0,0.0,0.029126213592233,0.0,0.0,1,-1,-1,0.0,0
85,139,2020,0.0442477876106194,2.455357142857143,1.0,3.265486725663717,34.333333333333336,0.0530973451327433,0.9734513274336284,0.0353982300884955,0.0,0.0088495575221238,0.3927785425028781,1.0,0.0,0.9823008849557522,0.504424778761062,0.2831858407079646,0.0,3.29126213592233,8.849557522123893,0.0,113,1,0,0.0,0
85,139,2021,0.064516129032258,3.0725806451612905,0.0,3.3870967741935485,34.333333333333336,0.0403225806451612,0.9193548387096774,0.032258064516129,0.0,0.0,0.3927785425028781,1.0,0.0,0.9919354838709676,0.4596774193548387,0.1854838709677419,0.0080645161290322,3.611650485436893,0.0,0.0,124,0,0,0.0,0
85,139,2022,0.0508474576271186,3.694915254237288,2.0,3.5762711864406778,34.333333333333336,0.0508474576271186,0.8983050847457628,0.0677966101694915,0.0,0.0,0.3927785425028781,1.0,0.0,0.9830508474576272,0.6440677966101694,0.1016949152542373,0.0,1.7184466019417477,33.898305084745765,0.0,59,1,0,0.0,0
85,139,2023,0.0847457627118644,3.6610169491525424,0.0,3.6779661016949152,34.333333333333336,0.0338983050847457,0.9491525423728814,0.0169491525423728,0.0,0.0,0.3927785425028781,1.0,0.0,1.0,0.711864406779661,0.135593220338983,0.0,1.7184466019417477,0.0,0.0,59,0,0,0.0,0
85,139,2024,0.0232558139534883,4.418604651162791,0.0,3.697674418604651,34.333333333333336,0.0232558139534883,0.9069767441860463,0.0697674418604651,0.0,0.0,0.3927785425028781,1.0,0.0,1.0,0.6976744186046512,0.0697674418604651,0.0,1.2524271844660193,0.0,0.0,43,1,0,0.0,0
85,162,2020,0.0120481927710843,3.975903614457832,1.0,3.8072289156626495,34.333333333333336,0.0,0.7831325301204819,0.036144578313253,0.0,0.0240963855421686,0.3927785425028781,1.0,0.0,1.0,0.4578313253012048,0.2409638554216867,0.0120481927710843,2.41747572815534,12.048192771084338,0.0,83,1,0,0.0,0
85,162,2021,0.027027027027027,4.851351351351352,1.0,3.635135135135135,34.333333333333336,0.0135135135135135,0.918918918918919,0.0,0.0,0.0,0.3927785425028781,1.0,0.0,1.0,0.5945945945945946,0.1081081081081081,0.0,2.155339805825242,13.513513513513514,1.0,74,0,0,13.513513513513514,1
85,162,2022,0.0517241379310344,4.517241379310345,1.0,3.793103448275862,34.333333333333336,0.0,0.8275862068965517,0.0172413793103448,0.0,0.0,0.3927785425028781,1.0,0.0,1.0,0.6551724137931034,0.1206896551724138,0.0,1.6893203883495145,17.241379310344826,1.0,58,0,0,17.241379310344826,1
85,162,2023,0.0277777777777777,4.361111111111111,0.0,3.7777777777777777,34.333333333333336,0.0555555555555555,0.7222222222222222,0.0555555555555555,0.0,0.0,0.3927785425028781,1.0,0.0,1.0,0.6666666666666666,0.1944444444444444,0.0,1.0485436893203883,0.0,1.0,36,0,0,27.777777777777775,1
85,162,2024,0.0416666666666666,4.833333333333333,2.0,3.9166666666666665,34.333333333333336,0.0,0.8333333333333334,0.0416666666666666,0.0,0.0,0.3927785425028781,1.0,0.0,1.0,0.7083333333333334,0.125,0.0,0.6990291262135921,83.33333333333333,0.0,24,4,1,0.0,0
85,225,2020,0.024390243902439,3.425,1.0,3.5365853658536586,34.333333333333336,0.3902439024390244,0.975609756097561,0.0,0.0,0.0,0.3927785425028781,1.0,0.0,0.7073170731707317,0.926829268292683,0.1463414634146341,0.0,1.194174757281553,24.390243902439025,1.0,41,0,0,24.390243902439025,1
85,225,2021,0.03125,2.6206896551724137,0.0,3.6875,34.333333333333336,0.59375,0.90625,0.09375,0.0,0.0,0.3927785425028781,1.0,0.0,0.59375,0.96875,0.375,0.0,0.9320388349514562,0.0,0.0,32,2,0,0.0,0
85,225,2022,0.0952380952380952,2.8,0.0,3.4285714285714284,34.333333333333336,0.5714285714285714,1.0,0.0476190476190476,0.0,0.0,0.3927785425028781,1.0,0.0,0.6190476190476191,0.9523809523809524,0.3333333333333333,0.0,0.6116504854368932,0.0,1.0,21,1,0,47.61904761904761,1
85,225,2023,0.0,3.071428571428572,0.0,3.4285714285714284,34.333333333333336,0.5,1.0,0.0,0.0,0.0,0.3927785425028781,1.0,0.0,0.8571428571428571,0.9285714285714286,0.2857142857142857,0.0,0.4077669902912621,0.0,0.0,14,1,0,0.0,0
85,225,2024,0.0,3.7,0.0,3.8333333333333335,34.333333333333336,0.1666666666666666,1.0,0.0833333333333333,0.0,0.0,0.3927785425028781,1.0,0.0,0.75,0.8333333333333334,0.3333333333333333,0.1666666666666666,0.3495145631067961,0.0,0.0,12,2,0,0.0,0
85,230,2020,0.0394736842105263,3.696969696969697,1.0,3.8157894736842106,34.333333333333336,0.1842105263157894,0.8947368421052632,0.0657894736842105,0.0,0.0,0.3927785425028781,1.0,0.0,0.868421052631579,0.8026315789473685,0.2105263157894736,0.0131578947368421,2.2135922330097086,13.157894736842104,0.0,76,0,0,0.0,0
85,230,2021,0.0439560439560439,3.3373493975903616,0.0,3.483516483516484,34.333333333333336,0.1758241758241758,0.978021978021978,0.0439560439560439,0.0,0.0,0.3927785425028781,1.0,0.0,0.8461538461538461,0.8461538461538461,0.2417582417582417,0.0,2.650485436893204,0.0,0.0,91,1,0,0.0,0
85,230,2022,0.109090909090909,2.8545454545454545,1.0,3.618181818181818,34.333333333333336,0.1454545454545454,1.0,0.0545454545454545,0.0,0.0,0.3927785425028781,1.0,0.0,0.9090909090909092,0.8727272727272727,0.2545454545454545,0.0,1.6019417475728157,18.18181818181818,0.0,55,1,0,0.0,0
85,230,2023,0.0178571428571428,3.4423076923076925,1.0,3.4285714285714284,34.333333333333336,0.0714285714285714,0.9464285714285714,0.0357142857142857,0.0,0.0,0.3927785425028781,1.0,0.0,0.875,0.8035714285714286,0.1607142857142857,0.0714285714285714,1.6310679611650485,17.857142857142858,0.0,56,0,0,0.0,0
85,230,2024,0.0444444444444444,4.642857142857143,0.0,3.7111111111111112,34.333333333333336,0.0888888888888888,0.8888888888888888,0.0666666666666666,0.0,0.0,0.3927785425028781,1.0,0.0,0.9111111111111112,0.8222222222222222,0.1555555555555555,0.0666666666666666,1.3106796116504853,0.0,0.0,45,0,0,0.0,0
85,250,2020,0.0219435736677116,3.841423948220065,0.0,3.617554858934169,34.333333333333336,0.1473354231974921,0.9498432601880876,0.0407523510971786,0.0,0.012539184952978,0.3927785425028781,1.0,0.0,0.987460815047022,0.8056426332288401,0.1974921630094044,0.0031347962382445,9.291262135922327,0.0,2.0,319,1,0,6.269592476489028,0
85,250,2021,0.043076923076923,4.115511551155116,2.0,3.596923076923077,34.333333333333336,0.1661538461538461,0.9076923076923076,0.0553846153846153,0.0,0.0,0.3927785425028781,1.0,0.0,0.9569230769230768,0.7538461538461538,0.2153846153846154,0.0092307692307692,9.466019417475728,6.153846153846154,1.0,325,1,0,3.076923076923077,0
85,250,2022,0.0307017543859649,4.666666666666667,2.0,3.5789473684210527,34.333333333333336,0.087719298245614,0.8728070175438597,0.0570175438596491,0.0,0.0,0.3927785425028781,1.0,0.0,0.9517543859649122,0.7763157894736842,0.1491228070175438,0.0043859649122807,6.640776699029126,8.771929824561402,1.0,228,1,0,4.385964912280701,0
85,250,2023,0.0117647058823529,4.578313253012048,1.0,3.605882352941177,34.333333333333336,0.0823529411764705,0.8823529411764706,0.0764705882352941,0.0,0.0,0.3927785425028781,1.0,0.0,0.9705882352941176,0.7764705882352941,0.1294117647058823,0.0294117647058823,4.951456310679611,5.88235294117647,1.0,170,1,0,5.88235294117647,0
85,250,2024,0.0625,5.467153284671533,0.0,3.8680555555555554,34.333333333333336,0.0555555555555555,0.8958333333333334,0.0763888888888889,0.0,0.0,0.3927785425028781,1.0,0.0,0.9375,0.8472222222222222,0.0972222222222222,0.0486111111111111,4.194174757281553,0.0,1.0,144,1,0,6.944444444444444,1
85,263,2020,0.025,3.5625,0.0,3.6625,34.333333333333336,0.025,0.9625,0.05,0.0,0.0,0.3927785425028781,1.0,0.0,0.9875,0.825,0.075,0.0,2.3300970873786406,0.0,0.0,80,0,0,0.0,0
85,263,2021,0.081967213114754,4.032786885245901,0.0,3.5245901639344264,34.333333333333336,0.0327868852459016,0.9836065573770492,0.0655737704918032,0.0,0.0,0.3927785425028781,1.0,0.0,1.0,0.7704918032786885,0.081967213114754,0.0,1.7766990291262137,0.0,1.0,61,0,0,16.393442622950822,1
85,263,2022,0.0,4.1,0.0,3.575,34.333333333333336,0.0,1.0,0.05,0.0,0.0,0.3927785425028781,1.0,0.0,1.0,0.775,0.125,0.0,1.1650485436893203,0.0,0.0,40,0,0,0.0,0
85,263,2023,0.0,5.230769230769231,0.0,4.128205128205129,34.333333333333336,0.0,0.8205128205128205,0.0769230769230769,0.0,0.0,0.3927785425028781,1.0,0.0,1.0,0.7948717948717948,0.1282051282051282,0.0,1.135922330097087,0.0,0.0,39,1,0,0.0,0
85,263,2024,0.081081081081081,5.081081081081081,1.0,3.783783783783784,34.333333333333336,0.0,0.945945945945946,0.054054054054054,0.0,0.0,0.3927785425028781,1.0,0.0,1.0,0.945945945945946,0.081081081081081,0.0,1.077669902912621,27.027027027027028,0.0,37,0,0,0.0,0
85,279,2020,0.0,4.0,0.0,6.0,34.333333333333336,0.0,1.0,0.0,0.0,0.0,0.3927785425028781,1.0,0.0,1.0,1.0,0.0,0.0,0.029126213592233,0.0,0.0,1,-1,-1,0.0,0
85,279,2022,0.0,10.0,0.0,4.0,34.333333333333336,0.0,1.0,0.0,0.0,0.0,0.3927785425028781,1.0,0.0,1.0,1.0,0.0,0.0,0.029126213592233,0.0,0.0,1,-1,-1,0.0,0
85,279,2024,0.0,7.333333333333333,0.0,5.333333333333333,34.333333333333336,0.0,0.6666666666666666,0.0,0.0,0.0,0.3927785425028781,1.0,0.0,1.0,0.6666666666666666,0.0,0.0,0.087378640776699,0.0,0.0,3,-1,-1,0.0,0
85,300,2020,0.0,5.166666666666667,0.0,3.333333333333333,34.333333333333336,0.0,0.8333333333333334,0.0,0.0,0.0,0.3927785425028781,1.0,0.0,1.0,1.0,0.0,0.0,0.174757281553398,0.0,0.0,6,-1,-1,0.0,0
85,300,2021,0.1428571428571428,5.285714285714286,0.0,2.2857142857142856,34.333333333333336,0.0,1.0,0.0,0.0,0.0,0.3927785425028781,1.0,0.0,1.0,0.5714285714285714,0.0,0.0,0.203883495145631,0.0,1.0,7,-1,-1,142.85714285714286,1
85,300,2024,0.0,6.6,0.0,5.4,34.333333333333336,0.0,0.8,0.2,0.0,0.0,0.3927785425028781,1.0,0.0,1.0,0.8,0.0,0.0,0.145631067961165,0.0,0.0,5,-1,-1,0.0,0
85,315,2020,0.0769230769230769,2.888888888888889,0.0,4.076923076923077,34.333333333333336,0.4615384615384615,0.6923076923076923,0.1538461538461538,0.0,0.0,0.3927785425028781,1.0,0.0,0.6153846153846154,0.6923076923076923,0.4615384615384615,0.0,0.3786407766990291,0.0,0.0,13,2,0,0.0,0
85,315,2021,0.0,2.4,0.0,3.1,34.333333333333336,0.7,1.0,0.0,0.0,0.0,0.3927785425028781,1.0,0.0,0.6,1.0,0.5,0.0,0.2912621359223301,0.0,0.0,10,1,0,0.0,0
85,315,2022,0.0,3.6666666666666665,0.0,4.0,34.333333333333336,0.6666666666666666,1.0,0.0,0.0,0.0,0.3927785425028781,1.0,0.0,0.6666666666666666,0.6666666666666666,0.3333333333333333,0.0,0.087378640776699,0.0,0.0,3,-1,-1,0.0,0
85,315,2023,0.0,6.8,0.0,3.571428571428572,34.333333333333336,0.0,0.8571428571428571,0.0,0.0,0.0,0.3927785425028781,1.0,0.0,0.7142857142857143,0.4285714285714285,0.2857142857142857,0.2857142857142857,0.203883495145631,0.0,0.0,7,-1,-1,0.0,0
85,315,2024,0.0909090909090909,4.857142857142857,0.0,4.090909090909091,34.333333333333336,0.0909090909090909,0.9090909090909092,0.0,0.0,0.0,0.3927785425028781,1.0,0.0,0.6363636363636364,0.6363636363636364,0.4545454545454545,0.3636363636363636,0.3203883495145631,0.0,0.0,11,1,0,0.0,0
85,325,2020,0.03125,4.548387096774194,1.0,3.53125,34.333333333333336,0.03125,0.9375,0.0625,0.0,0.0,0.3927785425028781,1.0,0.0,0.96875,0.84375,0.09375,0.0,0.9320388349514562,31.25,0.0,32,0,0,0.0,0
85,325,2021,0.0,4.407407407407407,0.0,3.7857142857142856,34.333333333333336,0.1428571428571428,1.0,0.0357142857142857,0.0,0.0,0.3927785425028781,1.0,0.0,0.9642857142857144,0.8214285714285714,0.1071428571428571,0.0,0.8155339805825242,0.0,1.0,28,0,0,35.714285714285715,1
85,325,2022,0.074074074074074,5.333333333333333,0.0,3.6296296296296298,34.333333333333336,0.1111111111111111,0.925925925925926,0.037037037037037,0.0,0.0,0.3927785425028781,1.0,0.0,0.9629629629629628,0.8518518518518519,0.0,0.0,0.7864077669902912,0.0,1.0,27,0,0,37.03703703703704,1
85,325,2023,0.0,4.125,0.0,4.0625,34.333333333333336,0.1875,1.0,0.0,0.0,0.0,0.3927785425028781,1.0,0.0,0.9375,0.8125,0.125,0.0,0.4660194174757281,0.0,0.0,16,0,0,0.0,0
85,325,2024,0.0,5.285714285714286,0.0,2.857142857142857,34.333333333333336,0.1428571428571428,0.8571428571428571,0.0,0.0,0.0,0.3927785425028781,1.0,0.0,1.0,0.8571428571428571,0.0,0.0,0.203883495145631,0.0,0.0,7,-1,-1,0.0,0
85,400,2020,0.0175438596491228,4.444444444444445,1.0,3.508771929824561,34.333333333333336,0.3157894736842105,1.0,0.0175438596491228,0.0,0.0,0.3927785425028781,1.0,0.0,0.9473684210526316,0.9473684210526316,0.1403508771929824,0.0,1.6601941747572817,17.543859649122805,0.0,57,0,0,0.0,0
85,400,2021,0.0,4.489795918367347,1.0,4.150943396226415,34.333333333333336,0.3584905660377358,0.981132075471698,0.0188679245283018,0.0,0.0,0.3927785425028781,1.0,0.0,0.9433962264150944,0.981132075471698,0.1320754716981132,0.0,1.5436893203883495,18.867924528301884,0.0,53,0,0,0.0,0
85,400,2022,0.0294117647058823,6.5588235294117645,1.0,3.941176470588236,34.333333333333336,0.1764705882352941,1.0,0.0,0.0,0.0,0.3927785425028781,1.0,0.0,0.9411764705882352,0.9411764705882352,0.0294117647058823,0.0,0.9902912621359222,29.41176470588235,1.0,34,0,0,29.41176470588235,1
85,400,2023,0.0555555555555555,6.666666666666667,1.0,3.7777777777777777,34.333333333333336,0.2222222222222222,0.8888888888888888,0.0,0.0,0.0,0.3927785425028781,1.0,0.0,0.7777777777777778,0.7777777777777778,0.2777777777777778,0.2222222222222222,0.5242718446601942,55.55555555555555,0.0,18,5,1,0.0,0
85,400,2024,0.1,6.888888888888889,0.0,3.9,34.333333333333336,0.2,1.0,0.0,0.0,0.0,0.3927785425028781,1.0,0.0,0.9,0.9,0.1,0.1,0.2912621359223301,0.0,0.0,10,0,0,0.0,0
85,410,2020,0.09375,5.0625,0.0,3.78125,34.333333333333336,0.0,0.6979166666666666,0.0208333333333333,0.0104166666666666,0.0,0.3927785425028781,1.0,0.0,1.0,0.6458333333333334,0.1041666666666666,0.0104166666666666,2.7961165048543686,0.0,0.0,96,0,0,0.0,0
85,410,2021,0.0795454545454545,5.625,1.0,3.909090909090909,34.333333333333336,0.0,0.7613636363636364,0.0113636363636363,0.0,0.0,0.3927785425028781,1.0,0.0,1.0,0.5795454545454546,0.0227272727272727,0.0113636363636363,2.5631067961165046,11.363636363636363,0.0,88,0,0,0.0,0
85,410,2022,0.0121951219512195,5.085365853658536,0.0,3.731707317073171,34.333333333333336,0.0,0.7560975609756098,0.0365853658536585,0.0,0.0,0.3927785425028781,1.0,0.0,1.0,0.6219512195121951,0.1219512195121951,0.0121951219512195,2.388349514563106,0.0,0.0,82,0,0,0.0,0
85,410,2023,0.032258064516129,5.737704918032787,1.0,3.548387096774193,34.333333333333336,0.0,0.7096774193548387,0.032258064516129,0.0,0.0,0.3927785425028781,1.0,0.0,0.967741935483871,0.6612903225806451,0.1129032258064516,0.0161290322580645,1.8058252427184465,16.129032258064516,0.0,62,0,0,0.0,0
85,410,2024,0.0576923076923076,5.961538461538462,0.0,3.942307692307693,34.333333333333336,0.0,0.6923076923076923,0.0192307692307692,0.0,0.0,0.3927785425028781,1.0,0.0,1.0,0.7307692307692307,0.0384615384615384,0.0,1.5145631067961165,0.0,0.0,52,0,0,0.0,0
85,430,2020,0.0576923076923076,4.078431372549019,0.0,3.807692307692308,34.333333333333336,0.0961538461538461,0.9423076923076924,0.048076923076923,0.0,0.0,0.3927785425028781,1.0,0.0,0.9807692307692308,0.875,0.0865384615384615,0.0,3.029126213592233,0.0,0.0,104,0,0,0.0,0
85,430,2021,0.0,3.955056179775281,0.0,3.566666666666667,34.333333333333336,0.0666666666666666,0.9333333333333332,0.0222222222222222,0.0,0.0,0.3927785425028781,1.0,0.0,0.9888888888888888,0.7666666666666667,0.0777777777777777,0.0111111111111111,2.6213592233009706,0.0,0.0,90,0,0,0.0,0
85,430,2022,0.0172413793103448,4.137931034482759,0.0,3.724137931034482,34.333333333333336,0.0689655172413793,0.896551724137931,0.1379310344827586,0.0,0.0344827586206896,0.3927785425028781,1.0,0.0,1.0,0.7413793103448276,0.1206896551724138,0.0344827586206896,1.6893203883495145,0.0,1.0,58,1,0,17.241379310344826,1
85,430,2023,0.025,4.375,0.0,3.675,34.333333333333336,0.025,0.9,0.05,0.0,0.0,0.3927785425028781,1.0,0.0,0.975,0.85,0.125,0.0,1.1650485436893203,0.0,0.0,40,0,0,0.0,0
85,430,2024,0.0,5.275,0.0,3.463414634146341,34.333333333333336,0.1463414634146341,0.902439024390244,0.0975609756097561,0.0,0.0,0.3927785425028781,1.0,0.0,0.975609756097561,0.7804878048780488,0.073170731707317,0.024390243902439,1.194174757281553,0.0,0.0,41,1,0,0.0,0
85,440,2020,0.0569948186528497,4.427083333333333,3.0,3.569948186528497,34.333333333333336,0.0207253886010362,0.8808290155440415,0.0518134715025906,0.0,0.0,0.3927785425028781,1.0,0.0,0.9844559585492229,0.4145077720207253,0.2279792746113989,0.0103626943005181,5.621359223300971,15.544041450777202,1.0,193,0,0,5.181347150259067,0
85,440,2021,0.0566037735849056,4.188679245283019,1.0,3.5157232704402515,34.333333333333336,0.0,0.89937106918239,0.0251572327044025,0.0,0.0,0.3927785425028781,1.0,0.0,0.981132075471698,0.4276729559748428,0.1572327044025157,0.0,4.631067961165048,6.289308176100629,1.0,159,0,0,6.289308176100629,0
85,440,2022,0.0470588235294117,4.341176470588235,1.0,3.4647058823529413,34.333333333333336,0.0,0.8529411764705882,0.0705882352941176,0.0,0.0,0.3927785425028781,1.0,0.0,1.0,0.5117647058823529,0.1411764705882353,0.0058823529411764,4.951456310679611,5.88235294117647,0.0,170,1,0,0.0,0
85,440,2023,0.0909090909090909,4.336363636363636,1.0,3.527272727272728,34.333333333333336,0.009090909090909,0.9363636363636364,0.0454545454545454,0.0,0.0,0.3927785425028781,1.0,0.0,0.9727272727272728,0.6090909090909091,0.0909090909090909,0.009090909090909,3.203883495145631,9.09090909090909,0.0,110,0,0,0.0,0
85,440,2024,0.1145833333333333,4.5625,1.0,3.5416666666666665,34.333333333333336,0.0104166666666666,0.8854166666666666,0.0729166666666666,0.0,0.0,0.3927785425028781,1.0,0.0,1.0,0.6041666666666666,0.1041666666666666,0.0104166666666666,2.7961165048543686,10.416666666666666,2.0,96,1,0,20.833333333333332,1
95,1,2020,0.0116731517509727,4.143413873733437,141.0,3.700389105058366,34.333333333333336,0.0443579766536965,0.8085603112840467,0.0303501945525291,0.3424124513618677,0.0124513618677042,0.3927785425028781,0.9992217898832684,0.0007782101167315,0.9766536964980544,0.7058365758754864,0.0910505836575875,0.0194552529182879,37.42718446601941,109.72762645914396,3.0,1285,5,1,2.3346303501945527,0
95,1,2021,0.0094408133623819,3.873998543335761,96.0,3.5664488017429194,34.333333333333336,0.0479302832244008,0.8460421205519245,0.0334059549745824,0.3471314451706608,0.008714596949891,0.3927785425028781,1.0,0.0,0.9760348583877996,0.7225853304284677,0.1278140885984023,0.0130718954248366,40.10679611650485,69.71677559912855,2.0,1377,5,1,1.4524328249818446,0
95,1,2022,0.0104669887278582,4.07983870967742,90.0,3.717391304347826,34.333333333333336,0.0297906602254428,0.8301127214170693,0.0475040257648953,0.3438003220611916,0.0161030595813204,0.3927785425028781,1.0,0.0,0.9911433172302736,0.7479871175523349,0.1030595813204508,0.0144927536231884,36.1747572815534,72.46376811594203,5.0,1242,5,1,4.025764895330112,0
95,1,2023,0.0071237756010685,4.265360641139804,33.0,3.620658949243099,34.333333333333336,0.0302760463045414,0.811219946571683,0.0445235975066785,0.3864648263579697,0.0142475512021371,0.3927785425028781,1.0,0.0,0.98753339269813,0.7666963490650045,0.1166518254674977,0.0035618878005342,32.70873786407767,29.38557435440784,5.0,1123,1,0,4.452359750667854,0
95,1,2024,0.0039643211100099,4.28714859437751,86.0,3.939544103072349,34.333333333333336,0.0267591674925668,0.777998017839445,0.0515361744301288,0.3825569871159563,0.0099108027750247,0.3927785425028781,0.998017839444995,0.0019821605550049,0.981169474727453,0.7522299306243806,0.1020812685827552,0.0198216055500495,29.388349514563103,85.23290386521307,1.0,1009,5,1,0.9910802775024776,0
95,15,2020,0.0555555555555555,3.235294117647059,1.0,3.555555555555556,34.333333333333336,0.1666666666666666,0.7777777777777778,0.0555555555555555,0.0,0.1111111111111111,0.3927785425028781,1.0,0.0,0.8333333333333334,0.9444444444444444,0.2777777777777778,0.0,0.5242718446601942,55.55555555555555,0.0,18,5,1,0.0,0
95,15,2021,0.0625,2.5806451612903225,0.0,3.34375,34.333333333333336,0.34375,0.90625,0.09375,0.0,0.0,0.3927785425028781,1.0,0.0,0.9375,0.65625,0.21875,0.0,0.9320388349514562,0.0,1.0,32,1,0,31.25,1
95,15,2022,0.0,2.925925925925926,0.0,3.037037037037037,34.333333333333336,0.2592592592592592,1.0,0.074074074074074,0.0,0.0,0.3927785425028781,1.0,0.0,0.8888888888888888,0.7407407407407407,0.1851851851851851,0.0,0.7864077669902912,0.0,0.0,27,1,0,0.0,0
95,15,2023,0.0,2.357142857142857,1.0,3.4285714285714284,34.333333333333336,0.2857142857142857,0.8571428571428571,0.1428571428571428,0.0,0.0,0.3927785425028781,1.0,0.0,0.8571428571428571,0.8571428571428571,0.2857142857142857,0.0,0.4077669902912621,71.42857142857143,0.0,14,6,1,0.0,0
95,15,2024,0.0,2.5,0.0,3.875,34.333333333333336,0.5,1.0,0.0,0.0,0.0,0.3927785425028781,1.0,0.0,0.75,0.75,0.375,0.0,0.233009708737864,0.0,0.0,8,-1,-1,0.0,0
95,25,2020,0.0666666666666666,2.0,0.0,2.933333333333333,34.333333333333336,0.4,0.9333333333333332,0.1333333333333333,0.0,0.0,0.3927785425028781,1.0,0.0,0.8,0.7333333333333333,0.4,0.0,0.4368932038834951,0.0,2.0,15,2,0,133.33333333333334,1
95,25,2021,0.0,2.9285714285714284,1.0,3.6875,34.333333333333336,0.5,0.9375,0.0625,0.0,0.0,0.3927785425028781,1.0,0.0,0.75,0.5625,0.5,0.0,0.4660194174757281,62.5,0.0,16,5,1,0.0,0
95,25,2022,0.0,1.7142857142857142,0.0,3.142857142857143,34.333333333333336,0.4285714285714285,0.8571428571428571,0.0,0.0,0.0,0.3927785425028781,1.0,0.0,0.8571428571428571,0.5714285714285714,0.4285714285714285,0.0,0.203883495145631,0.0,0.0,7,-1,-1,0.0,0
95,25,2023,0.0909090909090909,2.333333333333333,0.0,12.090909090909092,34.333333333333336,0.4545454545454545,0.9090909090909092,0.0909090909090909,0.0,0.0,0.3927785425028781,0.9090909090909092,0.0909090909090909,0.7272727272727273,0.5454545454545454,0.5454545454545454,0.1818181818181818,0.3203883495145631,0.0,0.0,11,3,1,0.0,0
95,25,2024,0.0,0.8,0.0,4.571428571428571,34.333333333333336,0.4285714285714285,0.7142857142857143,0.0,0.0,0.0,0.3927785425028781,1.0,0.0,0.4285714285714285,0.7142857142857143,0.8571428571428571,0.2857142857142857,0.203883495145631,0.0,0.0,7,-1,-1,0.0,0
95,200,2020,0.0,0.3333333333333333,0.0,3.333333333333333,34.333333333333336,0.6666666666666666,0.8333333333333334,0.0,0.0,0.0,0.3927785425028781,1.0,0.0,0.6666666666666666,0.6666666666666666,0.8333333333333334,0.0,0.174757281553398,0.0,0.0,6,-1,-1,0.0,0
95,200,2021,0.0,2.0,1.0,3.2,34.333333333333336,0.4,1.0,0.0,0.0,0.0,0.3927785425028781,1.0,0.0,1.0,0.6,0.0,0.0,0.145631067961165,200.0,0.0,5,-1,-1,0.0,0
95,200,2022,0.0,1.0,0.0,3.333333333333333,34.333333333333336,0.0,1.0,0.3333333333333333,0.0,0.0,0.3927785425028781,1.0,0.0,1.0,0.3333333333333333,0.3333333333333333,0.0,0.087378640776699,0.0,0.0,3,-1,-1,0.0,0
95,200,2023,0.1666666666666666,2.0,0.0,3.8333333333333335,34.333333333333336,0.0,0.8333333333333334,0.1666666666666666,0.0,0.0,0.3927785425028781,1.0,0.0,0.8333333333333334,0.8333333333333334,0.3333333333333333,0.1666666666666666,0.174757281553398,0.0,0.0,6,-1,-1,0.0,0
95,200,2024,0.0,4.5,1.0,3.6666666666666665,34.333333333333336,0.0,1.0,0.0,0.0,0.0,0.3927785425028781,1.0,0.0,0.6666666666666666,0.6666666666666666,0.3333333333333333,0.3333333333333333,0.087378640776699,333.3333333333333,0.0,3,-1,-1,0.0,0
99,1,2020,0.0420918367346938,2.984147952443857,51.0,4.438775510204081,34.333333333333336,0.0650510204081632,0.7818877551020408,0.0573979591836734,0.2334183673469387,0.0127551020408163,0.3927785425028781,0.9885204081632653,0.0114795918367346,0.9349489795918368,0.288265306122449,0.2602040816326531,0.0114795918367346,22.83495145631068,65.05102040816327,13.0,784,6,1,16.581632653061227,1
99,1,2021,0.047923322683706,2.354767184035477,37.0,3.346112886048988,34.333333333333336,0.0915867944621938,0.7550585729499467,0.0628328008519701,0.2044728434504792,0.0159744408945686,0.3927785425028781,1.0,0.0,0.9073482428115016,0.2875399361022364,0.3312034078807241,0.0085197018104366,27.349514563106798,39.40362087326944,10.0,939,3,1,10.649627263045794,1
99,1,2022,0.0436205016357688,2.5622932745314224,29.0,3.375136314067612,34.333333333333336,0.0926935659760087,0.7219193020719739,0.0621592148309705,0.2246455834242093,0.0218102508178844,0.3927785425028781,1.0,0.0,0.9094874591057798,0.2998909487459106,0.3009814612868048,0.0021810250817884,26.70873786407767,31.62486368593239,16.0,917,2,0,17.448200654307524,1
99,1,2023,0.0305980528511821,2.6089385474860336,39.0,3.543810848400556,34.333333333333336,0.0681502086230876,0.6981919332406119,0.0709318497913769,0.2767732962447844,0.0083449235048678,0.3927785425028781,0.9986091794158554,0.0013908205841446,0.9346314325452016,0.454798331015299,0.2990264255910987,0.0083449235048678,20.941747572815533,54.24200278164117,10.0,719,7,1,13.908205841446454,1
99,1,2024,0.0194931773879142,2.674,47.0,4.783625730994152,34.333333333333336,0.0311890838206627,0.723196881091618,0.0565302144249512,0.3040935672514619,0.0077972709551656,0.3927785425028781,0.98635477582846,0.0136452241715399,0.9376218323586744,0.530214424951267,0.3372319688109161,0.0311890838206627,14.941747572815531,91.61793372319688,7.0,513,6,1,13.64522417153996,1
99,524,2020,0.0297029702970297,2.6666666666666665,1.0,3.4554455445544554,34.333333333333336,0.3168316831683168,0.8910891089108911,0.0693069306930693,0.0,0.0,0.3927785425028781,1.0,0.0,0.9207920792079208,0.8217821782178217,0.2871287128712871,0.0,2.9417475728155336,9.9009900990099,1.0,101,2,0,9.900990099009901,1
99,524,2021,0.1,3.0846153846153848,1.0,3.507142857142857,34.333333333333336,0.2071428571428571,0.8928571428571429,0.0642857142857142,0.0,0.0,0.3927785425028781,1.0,0.0,0.9071428571428573,0.7714285714285715,0.2642857142857143,0.0,4.077669902912621,7.142857142857142,1.0,140,1,0,7.142857142857142,1
99,524,2022,0.0327868852459016,2.377049180327869,0.0,3.065573770491804,34.333333333333336,0.3032786885245901,0.8852459016393442,0.0491803278688524,0.0,0.0,0.3927785425028781,1.0,0.0,0.9426229508196722,0.8114754098360656,0.2786885245901639,0.0,3.553398058252427,0.0,3.0,122,1,0,24.59016393442623,1
99,524,2023,0.0273972602739726,2.0704225352112675,3.0,3.506849315068493,34.333333333333336,0.1506849315068493,0.9315068493150684,0.0136986301369863,0.0,0.0,0.3927785425028781,1.0,0.0,0.8904109589041096,0.7945205479452054,0.273972602739726,0.0273972602739726,2.1262135922330097,41.0958904109589,1.0,73,2,0,13.698630136986301,1
99,524,2024,0.0,2.458333333333333,3.0,5.350877192982456,34.333333333333336,0.1052631578947368,0.912280701754386,0.0701754385964912,0.0,0.0,0.3927785425028781,0.9824561403508772,0.0175438596491228,0.7894736842105263,0.7017543859649122,0.4210526315789473,0.1578947368421052,1.6601941747572817,52.63157894736842,1.0,57,6,1,17.543859649122805,1
99,624,2020,0.0,4.48,0.0,3.784313725490196,34.333333333333336,0.1568627450980392,0.8235294117647058,0.0784313725490196,0.0,0.0,0.3927785425028781,1.0,0.0,0.8627450980392157,0.7647058823529411,0.1176470588235294,0.0196078431372549,1.4854368932038835,0.0,0.0,51,1,0,0.0,0
99,624,2021,0.1,4.38,0.0,3.3,34.333333333333336,0.1,0.92,0.0,0.0,0.0,0.3927785425028781,1.0,0.0,0.92,0.88,0.12,0.0,1.4563106796116505,0.0,0.0,50,0,0,0.0,0
99,624,2022,0.0285714285714285,3.647058823529412,0.0,3.4285714285714284,34.333333333333336,0.4,0.8285714285714286,0.0571428571428571,0.0,0.0,0.3927785425028781,1.0,0.0,0.7428571428571429,0.8571428571428571,0.3428571428571428,0.0,1.019417475728155,0.0,0.0,35,1,0,0.0,0
99,624,2023,0.0,3.421052631578948,1.0,3.8,34.333333333333336,0.25,0.9,0.1,0.0,0.0,0.3927785425028781,1.0,0.0,0.7,0.7,0.3,0.05,0.5825242718446602,50.0,0.0,20,3,1,0.0,0
99,624,2024,0.1428571428571428,4.0,1.0,3.333333333333333,34.333333333333336,0.0,0.9047619047619048,0.0952380952380952,0.0,0.0952380952380952,0.3927785425028781,1.0,0.0,0.9047619047619048,0.7619047619047619,0.1904761904761904,0.0476190476190476,0.6116504854368932,47.61904761904761,1.0,21,2,0,47.61904761904761,1
99,773,2020,0.0252004581901489,0.4497663551401869,3.0,3.697594501718213,34.333333333333336,0.7342497136311569,0.8087056128293242,0.0206185567010309,0.0,0.0114547537227949,0.3927785425028781,1.0,0.0,0.9450171821305842,0.7411225658648339,0.8075601374570447,0.0,25.427184466019416,3.436426116838488,6.0,873,3,1,6.8728522336769755,1
99,773,2021,0.0628571428571428,0.7581018518518519,7.0,3.7622857142857145,34.333333333333336,0.6617142857142857,0.8251428571428572,0.0262857142857142,0.0,0.0137142857142857,0.3927785425028781,0.9988571428571428,0.0011428571428571,0.9348571428571428,0.8102857142857143,0.6937142857142857,0.0045714285714285,25.48543689320388,8.0,9.0,875,3,1,10.285714285714285,1
99,773,2022,0.091005291005291,0.6865671641791045,7.0,3.456084656084656,34.333333333333336,0.6201058201058202,0.9248677248677248,0.0582010582010582,0.0,0.0137566137566137,0.3927785425028781,1.0,0.0,0.9650793650793652,0.801058201058201,0.6645502645502646,0.0052910052910052,27.52427184466019,7.407407407407407,3.0,945,3,1,3.1746031746031744,0
99,773,2023,0.08875,0.7119784656796769,18.0,4.95625,34.333333333333336,0.5525,0.95,0.0425,0.0,0.00625,0.3927785425028781,0.98625,0.01375,0.9,0.75875,0.71,0.07125,23.300970873786405,22.5,6.0,800,3,1,7.5,1
99,773,2024,0.0804289544235924,0.6064,6.0,8.792225201072386,34.333333333333336,0.5040214477211796,0.9329758713136728,0.0509383378016085,0.0,0.0093833780160857,0.3927785425028781,0.9450402144772118,0.0549597855227882,0.8190348525469169,0.7024128686327078,0.7573726541554959,0.1621983914209115,21.728155339805824,8.04289544235925,3.0,746,3,1,4.021447721179625,0
