COD_DPTO,COD_MUNIC,ANO,total_nacimientos,edad_materna_promedio,madres_adolescentes,madres_edad_avanzada,bajo_nivel_educativo,pct_madres_adolescentes,pct_madres_edad_avanzada,pct_bajo_nivel_educativo,total_defunciones,tasa_mortalidad_fetal,bajo_peso_count,pct_bajo_peso,embarazo_multiple_count,pct_embarazo_multiple,cesarea_count,pct_cesarea,prematuro_count,pct_prematuro,apgar_bajo_promedio,num_instituciones,num_instituciones_publicas,pct_instituciones_publicas,camas_estimadas,presion_obstetrica,camas_per_capita,sin_salud_count,pct_sin_seguridad_social,rural_count,pct_area_rural,subsidiado_count,pct_regimen_subsidiado,sin_control_count,pct_sin_control_prenatal,consultas_promedio,DEPARTAMENTO,riesgo_alto,prediccion_xgb,probabilidad_xgb
50,6,2015,433,18.73210161662817,269.0,9.0,0.0,62.12471131639723,2.07852193995381,0.0,0.0,0.0,0.0,0.0,0.0,0.0,0.0,0.0,33.0,7.621247113163972,8.199074074074074,96,4,4.166666666666666,480,0.9020833333333332,1108.5450346420323,0.0,0.0,0.0,0.0,0.0,0.0,7.0,1.6166281755196306,6.087759815242494,Meta,0,0,0.0035633082
50,313,2015,2739,19.274552756480468,1612.0,58.0,0.0,58.8535962029938,2.117561153705732,0.0,476.0,148.05598755832037,28.0,1.022270901788974,0.0,0.0,0.0,0.0,396.0,14.457831325301203,8.011334552102376,86,7,8.13953488372093,430,6.369767441860465,156.9916027747353,0.0,0.0,0.0,0.0,0.0,0.0,125.0,4.563709382986492,5.454180357794816,Meta,1,1,0.99748284
50,568,2015,280,20.507142857142856,143.0,15.0,0.0,51.07142857142857,5.357142857142857,0.0,4.0,14.084507042253522,0.0,0.0,0.0,0.0,0.0,0.0,18.0,6.428571428571428,8.38888888888889,30,3,10.0,150,1.8666666666666667,535.7142857142857,0.0,0.0,0.0,0.0,0.0,0.0,99.0,35.35714285714286,3.0464285714285717,Meta,0,0,0.05651514
50,330,2015,55,18.83636363636364,32.0,0.0,0.0,58.18181818181818,0.0,0.0,0.0,0.0,0.0,0.0,0.0,0.0,0.0,0.0,1.0,1.818181818181818,8.254545454545454,1,1,100.0,5,11.0,90.9090909090909,0.0,0.0,0.0,0.0,0.0,0.0,2.0,3.636363636363636,5.181818181818182,Meta,1,1,0.9809827
50,325,2015,64,18.359375,41.0,2.0,0.0,64.0625,3.125,0.0,1.0,15.384615384615383,0.0,0.0,0.0,0.0,0.0,0.0,5.0,7.8125,8.071428571428571,3,2,66.66666666666666,15,4.266666666666667,234.375,0.0,0.0,0.0,0.0,0.0,0.0,7.0,10.9375,3.640625,Meta,1,1,0.99282587
50,689,2015,70,19.185714285714287,44.0,2.0,0.0,62.85714285714285,2.857142857142857,0.0,0.0,0.0,0.0,0.0,0.0,0.0,0.0,0.0,5.0,7.142857142857142,8.442857142857143,17,1,5.88235294117647,85,0.8235294117647058,1214.2857142857142,0.0,0.0,0.0,0.0,0.0,0.0,2.0,2.857142857142857,5.957142857142857,Meta,0,0,0.0035633082
50,573,2015,152,18.11184210526316,100.0,0.0,0.0,65.78947368421053,0.0,0.0,1.0,6.5359477124183005,0.0,0.0,0.0,0.0,0.0,0.0,13.0,8.552631578947368,8.208053691275168,29,2,6.896551724137931,145,1.0482758620689656,953.9473684210526,0.0,0.0,0.0,0.0,0.0,0.0,7.0,4.605263157894736,5.072368421052632,Meta,0,0,0.0053974693
50,680,2015,53,19.32075471698113,27.0,0.0,0.0,50.943396226415096,0.0,0.0,0.0,0.0,0.0,0.0,0.0,0.0,0.0,0.0,7.0,13.20754716981132,8.01923076923077,1,1,100.0,5,10.6,94.33962264150944,0.0,0.0,0.0,0.0,0.0,0.0,1.0,1.8867924528301887,4.490566037735849,Meta,1,1,0.981294
50,124,2015,18,19.944444444444443,11.0,1.0,0.0,61.11111111111112,5.555555555555555,0.0,0.0,0.0,0.0,0.0,0.0,0.0,0.0,0.0,4.0,22.22222222222222,8.235294117647058,2,1,50.0,10,1.8,555.5555555555555,0.0,0.0,0.0,0.0,0.0,0.0,1.0,5.555555555555555,3.5,Meta,0,0,0.005450614
50,711,2015,60,18.916666666666668,35.0,0.0,0.0,58.333333333333336,0.0,0.0,0.0,0.0,0.0,0.0,0.0,0.0,0.0,0.0,3.0,5.0,8.368421052631579,5,1,20.0,25,2.4,416.6666666666667,0.0,0.0,0.0,0.0,0.0,0.0,1.0,1.6666666666666667,4.75,Meta,0,0,0.0179253
50,350,2015,92,19.38888888888889,55.0,2.0,0.0,59.78260869565217,2.1739130434782608,0.0,1.0,10.752688172043012,0.0,0.0,0.0,0.0,0.0,0.0,16.0,17.391304347826086,16.011494252873565,4,2,50.0,20,4.6,217.3913043478261,0.0,0.0,0.0,0.0,0.0,0.0,5.0,5.434782608695652,12.434782608695652,Meta,1,1,0.98105687
50,287,2015,41,20.414634146341463,20.0,1.0,0.0,48.78048780487805,2.4390243902439024,0.0,2.0,46.51162790697674,1.0,2.4390243902439024,0.0,0.0,0.0,0.0,3.0,7.317073170731707,8.048780487804878,5,1,20.0,25,1.64,609.7560975609756,0.0,0.0,0.0,0.0,0.0,0.0,1.0,2.4390243902439024,6.097560975609756,Meta,1,1,0.9839929
50,450,2015,12,18.25,9.0,1.0,0.0,75.0,8.333333333333332,0.0,0.0,0.0,0.0,0.0,0.0,0.0,0.0,0.0,0.0,0.0,8.833333333333334,1,1,100.0,5,2.4,416.6666666666667,0.0,0.0,0.0,0.0,0.0,0.0,2.0,16.666666666666664,2.5,Meta,0,0,0.027120518
50,577,2015,27,19.03703703703704,18.0,0.0,0.0,66.66666666666666,0.0,0.0,0.0,0.0,0.0,0.0,0.0,0.0,0.0,0.0,3.0,11.11111111111111,8.076923076923077,3,1,33.33333333333333,15,1.8,555.5555555555555,0.0,0.0,0.0,0.0,0.0,0.0,0.0,0.0,5.222222222222222,Meta,0,0,0.0044189407
50,590,2015,35,19.571428571428573,19.0,0.0,0.0,54.285714285714285,0.0,0.0,0.0,0.0,0.0,0.0,0.0,0.0,0.0,0.0,6.0,17.142857142857142,8.911764705882353,2,1,50.0,10,3.5,285.7142857142857,0.0,0.0,0.0,0.0,0.0,0.0,0.0,0.0,5.371428571428571,Meta,1,1,0.98095566
50,150,2015,39,18.666666666666668,27.0,1.0,0.0,69.23076923076923,2.564102564102564,0.0,2.0,48.78048780487805,2.0,5.128205128205128,0.0,0.0,0.0,0.0,3.0,7.6923076923076925,8.102564102564102,8,5,62.5,40,0.975,1025.6410256410256,0.0,0.0,0.0,0.0,0.0,0.0,2.0,5.128205128205128,5.0256410256410255,Meta,1,1,0.98420066
50,251,2015,27,18.11111111111111,17.0,0.0,0.0,62.96296296296296,0.0,0.0,0.0,0.0,0.0,0.0,0.0,0.0,0.0,0.0,3.0,11.11111111111111,8.074074074074074,1,1,100.0,5,5.4,185.1851851851852,0.0,0.0,0.0,0.0,0.0,0.0,0.0,0.0,5.185185185185185,Meta,1,1,0.98236924
50,318,2015,18,21.166666666666668,8.0,1.0,0.0,44.44444444444444,5.555555555555555,0.0,0.0,0.0,0.0,0.0,0.0,0.0,0.0,0.0,1.0,5.555555555555555,8.277777777777779,7,1,14.285714285714285,35,0.5142857142857142,1944.4444444444443,0.0,0.0,0.0,0.0,0.0,0.0,1.0,5.555555555555555,3.5,Meta,0,0,0.0038120903
50,370,2015,26,20.26923076923077,13.0,0.0,0.0,50.0,0.0,0.0,1.0,37.03703703703704,0.0,0.0,0.0,0.0,0.0,0.0,4.0,15.384615384615383,6.52,2,2,100.0,10,2.6,384.61538461538464,0.0,0.0,0.0,0.0,0.0,0.0,2.0,7.6923076923076925,2.8461538461538463,Meta,1,1,0.99772567
50,683,2015,21,21.047619047619047,10.0,1.0,0.0,47.61904761904761,4.761904761904762,0.0,0.0,0.0,0.0,0.0,0.0,0.0,0.0,0.0,1.0,4.761904761904762,8.0,2,1,50.0,10,2.1,476.19047619047615,0.0,0.0,0.0,0.0,0.0,0.0,0.0,0.0,5.619047619047619,Meta,0,0,0.00677737
50,223,2015,24,19.916666666666668,14.0,1.0,0.0,58.333333333333336,4.166666666666666,0.0,0.0,0.0,0.0,0.0,0.0,0.0,0.0,0.0,1.0,4.166666666666666,7.208333333333333,2,1,50.0,10,2.4,416.6666666666667,0.0,0.0,0.0,0.0,0.0,0.0,0.0,0.0,4.791666666666667,Meta,0,0,0.023437455
50,226,2015,25,20.4,13.0,0.0,0.0,52.0,0.0,0.0,0.0,0.0,0.0,0.0,0.0,0.0,0.0,0.0,3.0,12.0,8.28,14,1,7.142857142857142,70,0.3571428571428571,2800.0,0.0,0.0,0.0,0.0,0.0,0.0,2.0,8.0,4.96,Meta,0,0,0.0034111931
50,686,2015,7,16.285714285714285,7.0,0.0,0.0,100.0,0.0,0.0,0.0,0.0,0.0,0.0,0.0,0.0,0.0,0.0,0.0,0.0,8.285714285714286,1,1,100.0,5,1.4,714.2857142857143,0.0,0.0,0.0,0.0,0.0,0.0,0.0,0.0,5.714285714285714,Meta,0,0,0.004861522
50,400,2015,20,20.0,10.0,0.0,0.0,50.0,0.0,0.0,0.0,0.0,0.0,0.0,0.0,0.0,0.0,0.0,0.0,0.0,8.5,4,1,25.0,20,1.0,1000.0,0.0,0.0,0.0,0.0,0.0,0.0,0.0,0.0,6.4,Meta,0,0,0.0036985998
50,110,2015,19,20.68421052631579,8.0,0.0,0.0,42.10526315789473,0.0,0.0,0.0,0.0,0.0,0.0,0.0,0.0,0.0,0.0,1.0,5.263157894736842,7.842105263157895,4,1,25.0,20,0.95,1052.6315789473683,0.0,0.0,0.0,0.0,0.0,0.0,1.0,5.263157894736842,5.894736842105263,Meta,0,0,0.0036985998
50,606,2015,43,18.046511627906977,28.0,0.0,0.0,65.11627906976744,0.0,0.0,0.0,0.0,0.0,0.0,0.0,0.0,0.0,0.0,1.0,2.3255813953488373,7.883720930232558,11,1,9.090909090909092,55,0.7818181818181819,1279.0697674418604,0.0,0.0,0.0,0.0,0.0,0.0,2.0,4.651162790697675,5.372093023255814,Meta,0,0,0.0036618973
50,270,2015,6,20.33333333333333,3.0,0.0,0.0,50.0,0.0,0.0,0.0,0.0,0.0,0.0,0.0,0.0,0.0,0.0,0.0,0.0,8.5,2,1,50.0,10,0.6,1666.6666666666667,0.0,0.0,0.0,0.0,0.0,0.0,1.0,16.666666666666664,5.166666666666667,Meta,0,0,0.0039346037
50,245,2015,6,18.666666666666668,4.0,0.0,0.0,66.66666666666666,0.0,0.0,0.0,0.0,0.0,0.0,0.0,0.0,0.0,0.0,0.0,0.0,8.666666666666666,1,1,100.0,5,1.2,833.3333333333334,0.0,0.0,0.0,0.0,0.0,0.0,0.0,0.0,5.666666666666667,Meta,0,0,0.004861522
81,736,2015,2027,19.255550074000983,1155.0,41.0,0.0,56.98075974346325,2.0226936359151457,0.0,429.0,174.6742671009772,10.0,0.493339911198816,0.0,0.0,0.0,0.0,366.0,18.056240749876665,9.736556487419833,71,10,14.084507042253522,355,5.709859154929577,175.13566847557968,0.0,0.0,0.0,0.0,0.0,0.0,72.0,3.5520473606314757,7.223482979773063,Arauca,1,1,0.99760455
81,300,2015,66,20.90909090909091,32.0,2.0,0.0,48.48484848484848,3.0303030303030303,0.0,0.0,0.0,0.0,0.0,0.0,0.0,0.0,0.0,5.0,7.575757575757576,27.484848484848484,21,6,28.57142857142857,105,0.6285714285714286,1590.9090909090908,0.0,0.0,0.0,0.0,0.0,0.0,1.0,1.5151515151515151,24.954545454545453,Arauca,0,0,0.005917214
81,591,2015,22,16.90909090909091,17.0,0.0,0.0,77.27272727272727,0.0,0.0,1.0,43.47826086956522,0.0,0.0,0.0,0.0,0.0,0.0,1.0,4.545454545454546,16.136363636363637,3,1,33.33333333333333,15,1.4666666666666666,681.8181818181818,0.0,0.0,0.0,0.0,0.0,0.0,2.0,9.090909090909092,14.090909090909092,Arauca,1,1,0.9889649
81,794,2015,427,19.508196721311474,234.0,8.0,0.0,54.80093676814989,1.873536299765808,0.0,10.0,22.88329519450801,3.0,0.702576112412178,0.0,0.0,0.0,0.0,35.0,8.19672131147541,29.02386634844869,82,12,14.634146341463412,410,1.0414634146341464,960.1873536299764,0.0,0.0,0.0,0.0,0.0,0.0,29.0,6.791569086651054,26.52927400468384,Arauca,1,1,0.98474365
81,65,2015,136,20.0,74.0,4.0,0.0,54.41176470588235,2.941176470588235,0.0,0.0,0.0,0.0,0.0,0.0,0.0,0.0,0.0,7.0,5.147058823529411,39.9179104477612,30,9,30.0,150,0.9066666666666666,1102.9411764705883,0.0,0.0,0.0,0.0,0.0,0.0,5.0,3.6764705882352944,36.5,Arauca,0,0,0.005917556
81,220,2015,38,14.86842105263158,36.0,1.0,0.0,94.73684210526316,2.631578947368421,0.0,0.0,0.0,0.0,0.0,0.0,0.0,0.0,0.0,7.0,18.421052631578945,21.657894736842103,1,1,100.0,5,7.6,131.57894736842104,0.0,0.0,0.0,0.0,0.0,0.0,12.0,31.57894736842105,10.236842105263158,Arauca,1,1,0.9834236
99,524,2015,129,19.573643410852718,69.0,4.0,0.0,53.48837209302325,3.10077519379845,0.0,0.0,0.0,0.0,0.0,0.0,0.0,0.0,0.0,15.0,11.627906976744184,9.887323943661972,5,1,20.0,25,5.16,193.79844961240312,0.0,0.0,0.0,0.0,0.0,0.0,57.0,44.18604651162791,2.356589147286822,Vichada,1,1,0.97606885
99,773,2015,194,19.04639175257732,121.0,5.0,0.0,62.37113402061856,2.5773195876288657,0.0,5.0,25.12562814070352,0.0,0.0,0.0,0.0,0.0,0.0,24.0,12.371134020618555,7.805555555555555,5,1,20.0,25,7.76,128.86597938144328,0.0,0.0,0.0,0.0,0.0,0.0,79.0,40.72164948453608,12.345360824742269,Vichada,1,1,0.99760455
99,624,2015,22,19.40909090909091,12.0,0.0,0.0,54.54545454545454,0.0,0.0,0.0,0.0,0.0,0.0,0.0,0.0,0.0,0.0,3.0,13.636363636363637,8.75,3,1,33.33333333333333,15,1.4666666666666666,681.8181818181818,0.0,0.0,0.0,0.0,0.0,0.0,8.0,36.36363636363637,2.363636363636364,Vichada,0,0,0.0047257957
85,263,2015,54,18.314814814814813,33.0,0.0,0.0,61.11111111111112,0.0,0.0,0.0,0.0,0.0,0.0,0.0,0.0,0.0,0.0,3.0,5.555555555555555,8.226415094339623,6,1,16.666666666666664,30,1.8,555.5555555555555,0.0,0.0,0.0,0.0,0.0,0.0,2.0,3.7037037037037033,3.888888888888889,Casanare,0,0,0.0037828975
85,440,2015,156,19.525641025641026,87.0,0.0,0.0,55.76923076923077,0.0,0.0,2.0,12.658227848101266,1.0,0.641025641025641,0.0,0.0,0.0,0.0,13.0,8.333333333333332,7.831168831168831,37,1,2.702702702702702,185,0.8432432432432433,1185.8974358974358,0.0,0.0,0.0,0.0,0.0,0.0,2.0,1.282051282051282,4.698717948717949,Casanare,0,0,0.01277031
85,125,2015,74,18.7027027027027,48.0,0.0,0.0,64.86486486486487,0.0,0.0,0.0,0.0,0.0,0.0,0.0,0.0,0.0,0.0,5.0,6.756756756756757,31.91176470588235,5,1,20.0,25,2.96,337.8378378378378,0.0,0.0,0.0,0.0,0.0,0.0,5.0,6.756756756756757,10.891891891891891,Casanare,1,1,0.9787935
85,139,2015,71,20.774647887323944,36.0,1.0,0.0,50.70422535211267,1.4084507042253522,0.0,0.0,0.0,0.0,0.0,0.0,0.0,0.0,0.0,5.0,7.042253521126761,9.728571428571428,10,1,10.0,50,1.42,704.225352112676,0.0,0.0,0.0,0.0,0.0,0.0,6.0,8.450704225352112,3.943661971830986,Casanare,0,0,0.003298018
85,230,2015,59,17.310344827586206,40.0,0.0,0.0,67.79661016949152,0.0,0.0,0.0,0.0,2.0,3.389830508474576,0.0,0.0,0.0,0.0,11.0,18.64406779661017,18.596153846153847,5,1,20.0,25,2.36,423.728813559322,0.0,0.0,0.0,0.0,0.0,0.0,9.0,15.254237288135592,13.745762711864408,Casanare,0,0,0.016121417
85,15,2015,6,14.166666666666666,5.0,0.0,0.0,83.33333333333334,0.0,0.0,0.0,0.0,0.0,0.0,0.0,0.0,0.0,0.0,0.0,0.0,10.0,1,1,100.0,5,1.2,833.3333333333334,0.0,0.0,0.0,0.0,0.0,0.0,0.0,0.0,6.333333333333333,Casanare,0,0,0.004861522
85,250,2015,264,20.50757575757576,130.0,4.0,0.0,49.24242424242424,1.5151515151515151,0.0,1.0,3.7735849056603774,0.0,0.0,0.0,0.0,0.0,0.0,34.0,12.87878787878788,11.75095785440613,37,1,2.702702702702702,185,1.427027027027027,700.7575757575758,0.0,0.0,0.0,0.0,0.0,0.0,21.0,7.954545454545454,4.867424242424242,Casanare,0,0,0.005208792
85,325,2015,20,20.15,9.0,1.0,0.0,45.0,5.0,0.0,0.0,0.0,0.0,0.0,0.0,0.0,0.0,0.0,1.0,5.0,7.947368421052632,2,1,50.0,10,2.0,500.0,0.0,0.0,0.0,0.0,0.0,0.0,3.0,15.0,4.2,Casanare,0,0,0.0055970675
85,162,2015,83,19.40963855421687,46.0,0.0,0.0,55.42168674698795,0.0,0.0,1.0,11.904761904761903,0.0,0.0,0.0,0.0,0.0,0.0,6.0,7.228915662650602,7.802469135802469,16,1,6.25,80,1.0375,963.855421686747,0.0,0.0,0.0,0.0,0.0,0.0,3.0,3.614457831325301,4.771084337349397,Casanare,0,0,0.009235953
85,410,2015,153,19.973856209150327,80.0,3.0,0.0,52.28758169934641,1.96078431372549,0.0,0.0,0.0,0.0,0.0,0.0,0.0,0.0,0.0,9.0,5.88235294117647,8.444444444444445,23,1,4.3478260869565215,115,1.3304347826086955,751.6339869281046,0.0,0.0,0.0,0.0,0.0,0.0,2.0,1.30718954248366,5.529411764705882,Casanare,0,0,0.0032001035
85,225,2015,17,17.294117647058822,11.0,0.0,0.0,64.70588235294117,0.0,0.0,0.0,0.0,0.0,0.0,0.0,0.0,0.0,0.0,1.0,5.88235294117647,19.235294117647054,3,1,33.33333333333333,15,1.1333333333333333,882.3529411764706,0.0,0.0,0.0,0.0,0.0,0.0,1.0,5.88235294117647,10.176470588235292,Casanare,0,0,0.0062328447
85,10,2015,192,19.291666666666668,112.0,1.0,0.0,58.333333333333336,0.5208333333333333,0.0,2.0,10.309278350515465,1.0,0.5208333333333333,0.0,0.0,0.0,0.0,7.0,3.6458333333333335,8.776041666666666,48,2,4.166666666666666,240,0.8,1250.0,0.0,0.0,0.0,0.0,0.0,0.0,1.0,0.5208333333333333,6.302083333333333,Casanare,0,0,0.006999999
85,430,2015,85,20.88235294117647,41.0,4.0,0.0,48.23529411764706,4.705882352941177,0.0,0.0,0.0,0.0,0.0,0.0,0.0,0.0,0.0,7.0,8.235294117647058,9.090909090909092,9,2,22.22222222222222,45,1.8888888888888888,529.4117647058823,0.0,0.0,0.0,0.0,0.0,0.0,10.0,11.76470588235294,4.929411764705883,Casanare,0,0,0.003923176
85,400,2015,35,19.142857142857142,21.0,1.0,0.0,60.0,2.857142857142857,0.0,1.0,27.77777777777777,0.0,0.0,0.0,0.0,0.0,0.0,7.0,20.0,8.970588235294118,3,1,33.33333333333333,15,2.333333333333333,428.57142857142856,0.0,0.0,0.0,0.0,0.0,0.0,1.0,2.857142857142857,4.2,Casanare,1,1,0.99165744
85,300,2015,7,19.857142857142858,4.0,0.0,0.0,57.14285714285714,0.0,0.0,0.0,0.0,0.0,0.0,0.0,0.0,0.0,0.0,0.0,0.0,7.285714285714286,3,1,33.33333333333333,15,0.4666666666666667,2142.8571428571427,0.0,0.0,0.0,0.0,0.0,0.0,0.0,0.0,7.0,Casanare,0,0,0.003994698
85,315,2015,2,17.0,2.0,0.0,0.0,100.0,0.0,0.0,0.0,0.0,0.0,0.0,0.0,0.0,0.0,0.0,0.0,0.0,8.0,1,1,100.0,5,0.4,2500.0,0.0,0.0,0.0,0.0,0.0,0.0,0.0,0.0,5.0,Casanare,0,0,0.0045672366
85,136,2015,2,22.0,1.0,0.0,0.0,50.0,0.0,0.0,1.0,333.3333333333333,0.0,0.0,0.0,0.0,0.0,0.0,0.0,0.0,54.0,1,1,100.0,5,0.4,2500.0,0.0,0.0,0.0,0.0,0.0,0.0,0.0,0.0,52.0,Casanare,1,1,0.98607856
85,279,2015,4,23.25,1.0,0.0,0.0,25.0,0.0,0.0,0.0,0.0,0.0,0.0,0.0,0.0,0.0,0.0,0.0,0.0,7.5,1,1,100.0,5,0.8,1250.0,0.0,0.0,0.0,0.0,0.0,0.0,0.0,0.0,6.75,Casanare,0,0,0.004588141
95,200,2015,26,19.423076923076923,16.0,2.0,0.0,61.53846153846154,7.6923076923076925,0.0,1.0,37.03703703703704,0.0,0.0,0.0,0.0,0.0,0.0,6.0,23.07692307692308,8.285714285714286,1,1,100.0,5,5.2,192.30769230769232,0.0,0.0,0.0,0.0,0.0,0.0,3.0,11.538461538461538,2.769230769230769,Guaviare,1,1,0.9978538
95,15,2015,10,18.5,6.0,0.0,0.0,60.0,0.0,0.0,0.0,0.0,0.0,0.0,0.0,0.0,0.0,0.0,2.0,20.0,8.0,3,1,33.33333333333333,15,0.6666666666666666,1500.0,0.0,0.0,0.0,0.0,0.0,0.0,0.0,0.0,4.2,Guaviare,0,0,0.0053254417
95,25,2015,12,17.833333333333332,7.0,0.0,0.0,58.333333333333336,0.0,0.0,2.0,142.85714285714286,0.0,0.0,0.0,0.0,0.0,0.0,2.0,16.666666666666664,7.444444444444445,5,1,20.0,25,0.48,2083.333333333333,0.0,0.0,0.0,0.0,0.0,0.0,0.0,0.0,4.083333333333333,Guaviare,1,1,0.9839162
50,6,2016,428,18.79439252336449,262.0,2.0,0.0,61.21495327102804,0.4672897196261681,0.0,0.0,0.0,2.0,0.4672897196261681,0.0,0.0,0.0,0.0,29.0,6.775700934579438,8.785046728971963,96,4,4.166666666666666,480,0.8916666666666667,1121.4953271028037,0.0,0.0,0.0,0.0,0.0,0.0,22.0,5.14018691588785,5.908878504672897,Meta,0,0,0.0035633082
50,313,2016,2643,19.314037079076808,1534.0,48.0,0.0,58.04010594021945,1.8161180476730987,0.0,481.0,153.96927016645327,21.0,0.7945516458569807,0.0,0.0,0.0,0.0,341.0,12.902005297010971,8.00227014755959,86,7,8.13953488372093,430,6.1465116279069765,162.69390843738176,0.0,0.0,0.0,0.0,0.0,0.0,92.0,3.4808929247067724,5.578130911842603,Meta,1,1,0.99760455
50,568,2016,302,19.228476821192054,177.0,3.0,0.0,58.609271523178805,0.9933774834437088,0.0,1.0,3.3003300330033003,0.0,0.0,0.0,0.0,0.0,0.0,24.0,7.947019867549669,17.3841059602649,30,3,10.0,150,2.013333333333333,496.6887417218543,0.0,0.0,0.0,0.0,0.0,0.0,55.0,18.21192052980132,10.390728476821192,Meta,0,0,0.008450492
50,330,2016,33,20.484848484848484,18.0,1.0,0.0,54.54545454545454,3.0303030303030303,0.0,0.0,0.0,0.0,0.0,0.0,0.0,0.0,0.0,0.0,0.0,10.87878787878788,1,1,100.0,5,6.6,151.51515151515153,0.0,0.0,0.0,0.0,0.0,0.0,3.0,9.090909090909092,3.878787878787879,Meta,1,1,0.9813332
50,325,2016,60,17.583333333333332,42.0,0.0,0.0,70.0,0.0,0.0,1.0,16.393442622950822,0.0,0.0,0.0,0.0,0.0,0.0,14.0,23.33333333333333,31.28333333333333,3,2,66.66666666666666,15,4.0,250.0,0.0,0.0,0.0,0.0,0.0,0.0,10.0,16.666666666666664,2.15,Meta,1,1,0.99282587
50,689,2016,51,19.94117647058824,30.0,1.0,0.0,58.82352941176471,1.96078431372549,0.0,0.0,0.0,0.0,0.0,0.0,0.0,0.0,0.0,4.0,7.84313725490196,11.92156862745098,17,1,5.88235294117647,85,0.6,1666.6666666666667,0.0,0.0,0.0,0.0,0.0,0.0,1.0,1.96078431372549,8.27450980392157,Meta,0,0,0.0039720926
50,573,2016,181,19.204419889502763,102.0,2.0,0.0,56.353591160220994,1.1049723756906076,0.0,2.0,10.92896174863388,0.0,0.0,0.0,0.0,0.0,0.0,23.0,12.70718232044199,9.204419889502764,29,2,6.896551724137931,145,1.2482758620689656,801.1049723756905,0.0,0.0,0.0,0.0,0.0,0.0,8.0,4.41988950276243,4.668508287292818,Meta,0,0,0.0070826933
50,680,2016,74,17.85135135135135,50.0,0.0,0.0,67.56756756756756,0.0,0.0,0.0,0.0,1.0,1.351351351351351,0.0,0.0,0.0,0.0,6.0,8.108108108108109,9.41891891891892,1,1,100.0,5,14.8,67.56756756756756,0.0,0.0,0.0,0.0,0.0,0.0,0.0,0.0,5.567567567567568,Meta,1,1,0.9821186
50,124,2016,19,20.42105263157895,8.0,0.0,0.0,42.10526315789473,0.0,0.0,0.0,0.0,0.0,0.0,0.0,0.0,0.0,0.0,3.0,15.789473684210526,8.210526315789474,2,1,50.0,10,1.9,526.3157894736842,0.0,0.0,0.0,0.0,0.0,0.0,1.0,5.263157894736842,4.368421052631579,Meta,0,0,0.0049770693
50,711,2016,58,19.17241379310345,33.0,1.0,0.0,56.896551724137936,1.7241379310344829,0.0,0.0,0.0,0.0,0.0,0.0,0.0,0.0,0.0,4.0,6.896551724137931,12.689655172413794,5,1,20.0,25,2.32,431.03448275862064,0.0,0.0,0.0,0.0,0.0,0.0,3.0,5.172413793103448,3.931034482758621,Meta,0,0,0.009225701
50,350,2016,61,18.770491803278688,38.0,0.0,0.0,62.29508196721312,0.0,0.0,1.0,16.129032258064516,0.0,0.0,0.0,0.0,0.0,0.0,13.0,21.311475409836063,18.868852459016395,4,2,50.0,20,3.05,327.86885245901635,0.0,0.0,0.0,0.0,0.0,0.0,1.0,1.639344262295082,7.524590163934426,Meta,1,1,0.9930507
50,287,2016,39,19.307692307692307,23.0,0.0,0.0,58.97435897435898,0.0,0.0,0.0,0.0,0.0,0.0,0.0,0.0,0.0,0.0,3.0,7.6923076923076925,8.384615384615385,5,1,20.0,25,1.56,641.0256410256411,0.0,0.0,0.0,0.0,0.0,0.0,0.0,0.0,5.564102564102564,Meta,0,0,0.0039365627
50,450,2016,14,19.5,9.0,1.0,0.0,64.28571428571429,7.142857142857142,0.0,1.0,66.66666666666667,0.0,0.0,0.0,0.0,0.0,0.0,4.0,28.57142857142857,21.214285714285715,1,1,100.0,5,2.8,357.1428571428572,0.0,0.0,0.0,0.0,0.0,0.0,5.0,35.714285714285715,2.571428571428572,Meta,1,1,0.9978538
50,577,2016,22,20.40909090909091,12.0,1.0,0.0,54.54545454545454,4.545454545454546,0.0,2.0,83.33333333333333,0.0,0.0,0.0,0.0,0.0,0.0,1.0,4.545454545454546,7.454545454545454,3,1,33.33333333333333,15,1.4666666666666666,681.8181818181818,0.0,0.0,0.0,0.0,0.0,0.0,0.0,0.0,5.045454545454546,Meta,1,1,0.9822359
50,590,2016,45,19.73333333333333,24.0,2.0,0.0,53.333333333333336,4.444444444444445,0.0,0.0,0.0,0.0,0.0,0.0,0.0,0.0,0.0,8.0,17.77777777777778,8.133333333333333,2,1,50.0,10,4.5,222.2222222222222,0.0,0.0,0.0,0.0,0.0,0.0,3.0,6.666666666666667,4.933333333333334,Meta,1,1,0.9794555
50,150,2016,37,17.27027027027027,30.0,1.0,0.0,81.08108108108108,2.702702702702702,0.0,0.0,0.0,0.0,0.0,0.0,0.0,0.0,0.0,4.0,10.81081081081081,8.0,8,5,62.5,40,0.925,1081.081081081081,0.0,0.0,0.0,0.0,0.0,0.0,0.0,0.0,6.648648648648648,Meta,0,0,0.00443796
50,251,2016,33,17.151515151515152,26.0,1.0,0.0,78.78787878787878,3.0303030303030303,0.0,0.0,0.0,0.0,0.0,0.0,0.0,0.0,0.0,2.0,6.0606060606060606,10.696969696969695,1,1,100.0,5,6.6,151.51515151515153,0.0,0.0,0.0,0.0,0.0,0.0,2.0,6.0606060606060606,4.181818181818182,Meta,1,1,0.98236924
50,318,2016,7,19.142857142857142,4.0,0.0,0.0,57.14285714285714,0.0,0.0,1.0,125.0,0.0,0.0,0.0,0.0,0.0,0.0,3.0,42.85714285714285,21.0,7,1,14.285714285714285,35,0.2,5000.0,0.0,0.0,0.0,0.0,0.0,0.0,0.0,0.0,3.0,Meta,1,1,0.98353404
50,370,2016,32,19.3125,16.0,0.0,0.0,50.0,0.0,0.0,0.0,0.0,0.0,0.0,0.0,0.0,0.0,0.0,2.0,6.25,7.84375,2,2,100.0,10,3.2,312.5,0.0,0.0,0.0,0.0,0.0,0.0,4.0,12.5,3.25,Meta,1,1,0.98236924
50,683,2016,12,17.833333333333332,7.0,0.0,0.0,58.333333333333336,0.0,0.0,0.0,0.0,0.0,0.0,0.0,0.0,0.0,0.0,0.0,0.0,7.833333333333333,2,1,50.0,10,1.2,833.3333333333334,0.0,0.0,0.0,0.0,0.0,0.0,0.0,0.0,5.583333333333333,Meta,0,0,0.00443796
50,223,2016,24,20.541666666666668,15.0,1.0,0.0,62.5,4.166666666666666,0.0,0.0,0.0,0.0,0.0,0.0,0.0,0.0,0.0,1.0,4.166666666666666,8.291666666666666,2,1,50.0,10,2.4,416.6666666666667,0.0,0.0,0.0,0.0,0.0,0.0,0.0,0.0,6.333333333333333,Meta,0,0,0.024917213
50,226,2016,26,21.03846153846154,12.0,0.0,0.0,46.15384615384615,0.0,0.0,1.0,37.03703703703704,0.0,0.0,0.0,0.0,0.0,0.0,5.0,19.230769230769237,11.846153846153848,14,1,7.142857142857142,70,0.3714285714285714,2692.3076923076924,0.0,0.0,0.0,0.0,0.0,0.0,1.0,3.8461538461538463,5.230769230769231,Meta,1,1,0.9825531
50,686,2016,8,21.375,3.0,0.0,0.0,37.5,0.0,0.0,0.0,0.0,0.0,0.0,0.0,0.0,0.0,0.0,2.0,25.0,7.5,1,1,100.0,5,1.6,625.0,0.0,0.0,0.0,0.0,0.0,0.0,0.0,0.0,5.625,Meta,0,0,0.0061472566
50,400,2016,17,22.294117647058822,6.0,0.0,0.0,35.294117647058826,0.0,0.0,0.0,0.0,0.0,0.0,0.0,0.0,0.0,0.0,2.0,11.76470588235294,8.0,4,1,25.0,20,0.85,1176.470588235294,0.0,0.0,0.0,0.0,0.0,0.0,0.0,0.0,5.647058823529412,Meta,0,0,0.0036985998
50,110,2016,13,19.307692307692307,8.0,0.0,0.0,61.53846153846154,0.0,0.0,1.0,71.42857142857143,0.0,0.0,0.0,0.0,0.0,0.0,1.0,7.6923076923076925,14.923076923076923,4,1,25.0,20,0.65,1538.4615384615386,0.0,0.0,0.0,0.0,0.0,0.0,0.0,0.0,12.538461538461538,Meta,1,1,0.98610884
50,606,2016,17,19.058823529411764,10.0,0.0,0.0,58.82352941176471,0.0,0.0,0.0,0.0,0.0,0.0,0.0,0.0,0.0,0.0,1.0,5.88235294117647,7.705882352941177,11,1,9.090909090909092,55,0.3090909090909091,3235.294117647059,0.0,0.0,0.0,0.0,0.0,0.0,1.0,5.88235294117647,5.176470588235294,Meta,0,0,0.003614701
50,270,2016,14,18.785714285714285,9.0,0.0,0.0,64.28571428571429,0.0,0.0,0.0,0.0,0.0,0.0,0.0,0.0,0.0,0.0,1.0,7.142857142857142,7.785714285714286,2,1,50.0,10,1.4,714.2857142857143,0.0,0.0,0.0,0.0,0.0,0.0,0.0,0.0,6.142857142857143,Meta,0,0,0.00443796
50,245,2016,8,18.875,4.0,0.0,0.0,50.0,0.0,0.0,0.0,0.0,0.0,0.0,0.0,0.0,0.0,0.0,1.0,12.5,7.5,1,1,100.0,5,1.6,625.0,0.0,0.0,0.0,0.0,0.0,0.0,0.0,0.0,5.0,Meta,0,0,0.004909474
81,736,2016,2208,19.11911231884058,1308.0,41.0,0.0,59.2391304347826,1.8568840579710144,0.0,420.0,159.8173515981735,8.0,0.3623188405797101,0.0,0.0,0.0,0.0,357.0,16.168478260869566,9.624547101449275,71,10,14.084507042253522,355,6.219718309859155,160.77898550724638,0.0,0.0,0.0,0.0,0.0,0.0,91.0,4.121376811594203,7.401268115942029,Arauca,1,1,0.99760455
81,300,2016,81,20.493827160493822,41.0,0.0,0.0,50.617283950617285,0.0,0.0,2.0,24.09638554216868,1.0,1.2345679012345678,0.0,0.0,0.0,0.0,5.0,6.172839506172839,27.493827160493822,21,6,28.57142857142857,105,0.7714285714285715,1296.2962962962963,0.0,0.0,0.0,0.0,0.0,0.0,2.0,2.469135802469136,24.0,Arauca,1,1,0.9814441
81,591,2016,28,17.178571428571427,22.0,0.0,0.0,78.57142857142857,0.0,0.0,0.0,0.0,0.0,0.0,0.0,0.0,0.0,0.0,2.0,7.142857142857142,17.821428571428573,3,1,33.33333333333333,15,1.8666666666666667,535.7142857142857,0.0,0.0,0.0,0.0,0.0,0.0,0.0,0.0,15.714285714285714,Arauca,0,0,0.006083505
81,794,2016,353,19.63456090651558,202.0,10.0,0.0,57.22379603399433,2.8328611898017,0.0,3.0,8.426966292134832,0.0,0.0,0.0,0.0,0.0,0.0,33.0,9.34844192634561,33.21813031161473,82,12,14.634146341463412,410,0.8609756097560975,1161.473087818697,0.0,0.0,0.0,0.0,0.0,0.0,19.0,5.382436260623229,29.54957507082153,Arauca,0,0,0.010072071
81,65,2016,144,19.5,85.0,2.0,0.0,59.02777777777778,1.3888888888888888,0.0,0.0,0.0,0.0,0.0,0.0,0.0,0.0,0.0,5.0,3.4722222222222223,29.569444444444443,30,9,30.0,150,0.96,1041.6666666666667,0.0,0.0,0.0,0.0,0.0,0.0,7.0,4.861111111111112,27.21527777777778,Arauca,0,0,0.005957956
81,220,2016,41,18.29268292682927,25.0,0.0,0.0,60.97560975609756,0.0,0.0,0.0,0.0,1.0,2.4390243902439024,0.0,0.0,0.0,0.0,7.0,17.073170731707318,21.170731707317078,1,1,100.0,5,8.2,121.95121951219512,0.0,0.0,0.0,0.0,0.0,0.0,2.0,4.878048780487805,13.317073170731708,Arauca,1,1,0.9834236
99,524,2016,85,19.74117647058824,51.0,4.0,0.0,60.0,4.705882352941177,0.0,2.0,22.988505747126435,0.0,0.0,0.0,0.0,0.0,0.0,9.0,10.588235294117649,52.98823529411764,5,1,20.0,25,3.4,294.11764705882354,0.0,0.0,0.0,0.0,0.0,0.0,39.0,45.88235294117647,3.4705882352941178,Vichada,1,1,0.99736756
99,773,2016,160,20.24375,85.0,4.0,0.0,53.125,2.5,0.0,7.0,41.91616766467065,0.0,0.0,0.0,0.0,0.0,0.0,29.0,18.125,30.05,5,1,20.0,25,6.4,156.25,0.0,0.0,0.0,0.0,0.0,0.0,77.0,48.125,1.925,Vichada,1,1,0.9972976
99,624,2016,32,20.0,16.0,2.0,0.0,50.0,6.25,0.0,0.0,0.0,0.0,0.0,0.0,0.0,0.0,0.0,10.0,31.25,11.40625,3,1,33.33333333333333,15,2.1333333333333333,468.75,0.0,0.0,0.0,0.0,0.0,0.0,8.0,25.0,6.125,Vichada,0,0,0.0075699724
85,263,2016,74,20.324324324324323,38.0,2.0,0.0,51.35135135135135,2.702702702702702,0.0,0.0,0.0,0.0,0.0,0.0,0.0,0.0,0.0,6.0,8.108108108108109,11.135135135135137,6,1,16.666666666666664,30,2.466666666666667,405.4054054054054,0.0,0.0,0.0,0.0,0.0,0.0,5.0,6.756756756756757,5.6891891891891895,Casanare,0,0,0.06393408
85,440,2016,159,18.69182389937107,100.0,2.0,0.0,62.893081761006286,1.257861635220126,0.0,1.0,6.25,0.0,0.0,0.0,0.0,0.0,0.0,13.0,8.176100628930817,7.855345911949685,37,1,2.702702702702702,185,0.8594594594594595,1163.5220125786163,0.0,0.0,0.0,0.0,0.0,0.0,7.0,4.40251572327044,4.968553459119497,Casanare,0,0,0.0049947407
85,125,2016,58,18.86206896551724,36.0,1.0,0.0,62.06896551724138,1.7241379310344829,0.0,1.0,16.949152542372882,0.0,0.0,0.0,0.0,0.0,0.0,3.0,5.172413793103448,22.724137931034484,5,1,20.0,25,2.32,431.03448275862064,0.0,0.0,0.0,0.0,0.0,0.0,7.0,12.06896551724138,4.724137931034483,Casanare,0,0,0.083953455
85,139,2016,68,17.514705882352942,48.0,0.0,0.0,70.58823529411765,0.0,0.0,2.0,28.57142857142857,0.0,0.0,0.0,0.0,0.0,0.0,8.0,11.76470588235294,12.176470588235292,10,1,10.0,50,1.36,735.2941176470589,0.0,0.0,0.0,0.0,0.0,0.0,11.0,16.176470588235293,5.161764705882353,Casanare,1,1,0.9760336
85,230,2016,71,17.535211267605632,51.0,1.0,0.0,71.83098591549296,1.4084507042253522,0.0,3.0,40.54054054054054,2.0,2.8169014084507045,0.0,0.0,0.0,0.0,6.0,8.450704225352112,27.84507042253521,5,1,20.0,25,2.84,352.112676056338,0.0,0.0,0.0,0.0,0.0,0.0,7.0,9.859154929577464,7.225352112676056,Casanare,1,1,0.99760455
85,15,2016,9,20.33333333333333,5.0,0.0,0.0,55.55555555555556,0.0,0.0,0.0,0.0,0.0,0.0,0.0,0.0,0.0,0.0,0.0,0.0,9.444444444444445,1,1,100.0,5,1.8,555.5555555555555,0.0,0.0,0.0,0.0,0.0,0.0,0.0,0.0,7.0,Casanare,0,0,0.005098304
85,250,2016,291,19.378006872852232,173.0,7.0,0.0,59.45017182130584,2.405498281786942,0.0,1.0,3.4246575342465757,0.0,0.0,0.0,0.0,0.0,0.0,23.0,7.903780068728522,8.831615120274915,37,1,2.702702702702702,185,1.572972972972973,635.7388316151203,0.0,0.0,0.0,0.0,0.0,0.0,15.0,5.154639175257731,4.364261168384879,Casanare,0,0,0.005368839
85,325,2016,18,20.61111111111111,9.0,0.0,0.0,50.0,0.0,0.0,0.0,0.0,0.0,0.0,0.0,0.0,0.0,0.0,2.0,11.11111111111111,7.944444444444445,2,1,50.0,10,1.8,555.5555555555555,0.0,0.0,0.0,0.0,0.0,0.0,0.0,0.0,5.0,Casanare,0,0,0.0043724175
85,162,2016,59,18.35593220338983,35.0,1.0,0.0,59.32203389830508,1.694915254237288,0.0,1.0,16.666666666666668,1.0,1.694915254237288,0.0,0.0,0.0,0.0,7.0,11.864406779661016,9.728813559322036,16,1,6.25,80,0.7375,1355.9322033898304,0.0,0.0,0.0,0.0,0.0,0.0,1.0,1.694915254237288,5.169491525423729,Casanare,0,0,0.04167012
85,410,2016,116,20.57758620689655,52.0,2.0,0.0,44.82758620689656,1.7241379310344829,0.0,1.0,8.547008547008549,0.0,0.0,0.0,0.0,0.0,0.0,5.0,4.310344827586207,9.025862068965518,23,1,4.3478260869565215,115,1.008695652173913,991.3793103448276,0.0,0.0,0.0,0.0,0.0,0.0,1.0,0.8620689655172413,5.379310344827586,Casanare,0,0,0.0047753835
85,225,2016,35,19.428571428571427,20.0,0.0,0.0,57.14285714285714,0.0,0.0,0.0,0.0,0.0,0.0,0.0,0.0,0.0,0.0,7.0,20.0,21.114285714285717,3,1,33.33333333333333,15,2.333333333333333,428.57142857142856,0.0,0.0,0.0,0.0,0.0,0.0,4.0,11.428571428571429,6.285714285714286,Casanare,0,0,0.016278842
85,10,2016,161,19.25465838509317,94.0,5.0,0.0,58.38509316770186,3.1055900621118013,0.0,2.0,12.269938650306749,0.0,0.0,0.0,0.0,0.0,0.0,10.0,6.211180124223603,8.670807453416149,48,2,4.166666666666666,240,0.6708333333333333,1490.6832298136644,0.0,0.0,0.0,0.0,0.0,0.0,3.0,1.8633540372670807,5.813664596273292,Casanare,0,0,0.00950727
85,430,2016,45,18.444444444444443,29.0,0.0,0.0,64.44444444444444,0.0,0.0,0.0,0.0,1.0,2.2222222222222223,0.0,0.0,0.0,0.0,4.0,8.88888888888889,9.644444444444444,9,2,22.22222222222222,45,1.0,1000.0,0.0,0.0,0.0,0.0,0.0,0.0,4.0,8.88888888888889,3.844444444444445,Casanare,0,0,0.0043388745
85,400,2016,29,21.310344827586206,17.0,3.0,0.0,58.620689655172406,10.344827586206897,0.0,0.0,0.0,1.0,3.4482758620689653,0.0,0.0,0.0,0.0,10.0,34.48275862068966,30.379310344827587,3,1,33.33333333333333,15,1.9333333333333331,517.2413793103449,0.0,0.0,0.0,0.0,0.0,0.0,0.0,0.0,10.20689655172414,Casanare,0,0,0.0072471756
85,300,2016,8,20.75,3.0,0.0,0.0,37.5,0.0,0.0,0.0,0.0,0.0,0.0,0.0,0.0,0.0,0.0,1.0,12.5,7.75,3,1,33.33333333333333,15,0.5333333333333333,1875.0,0.0,0.0,0.0,0.0,0.0,0.0,0.0,0.0,5.75,Casanare,0,0,0.003994698
85,315,2016,6,22.83333333333333,2.0,0.0,0.0,33.33333333333333,0.0,0.0,1.0,142.85714285714286,0.0,0.0,0.0,0.0,0.0,0.0,0.0,0.0,24.5,1,1,100.0,5,1.2,833.3333333333334,0.0,0.0,0.0,0.0,0.0,0.0,1.0,16.666666666666664,3.0,Casanare,1,1,0.97809863
85,136,2016,5,22.0,0.0,0.0,0.0,0.0,0.0,0.0,0.0,0.0,0.0,0.0,0.0,0.0,0.0,0.0,0.0,0.0,7.8,1,1,100.0,5,1.0,1000.0,0.0,0.0,0.0,0.0,0.0,0.0,0.0,0.0,5.4,Casanare,0,0,0.004366572
85,279,2016,1,12.0,1.0,0.0,0.0,100.0,0.0,0.0,0.0,0.0,0.0,0.0,0.0,0.0,0.0,0.0,0.0,0.0,9.0,1,1,100.0,5,0.2,5000.0,0.0,0.0,0.0,0.0,0.0,0.0,0.0,0.0,4.0,Casanare,0,0,0.0045672366
95,200,2016,32,19.90625,19.0,1.0,0.0,59.375,3.125,0.0,2.0,58.8235294117647,1.0,3.125,0.0,0.0,0.0,0.0,3.0,9.375,30.34375,1,1,100.0,5,6.4,156.25,0.0,0.0,0.0,0.0,0.0,0.0,3.0,9.375,2.75,Guaviare,1,1,0.99772567
95,15,2016,7,17.0,5.0,0.0,0.0,71.42857142857143,0.0,0.0,0.0,0.0,0.0,0.0,0.0,0.0,0.0,0.0,2.0,28.57142857142857,8.0,3,1,33.33333333333333,15,0.4666666666666667,2142.8571428571427,0.0,0.0,0.0,0.0,0.0,0.0,1.0,14.285714285714285,2.571428571428572,Guaviare,0,0,0.0049575362
95,25,2016,16,16.0625,14.0,1.0,0.0,87.5,6.25,0.0,0.0,0.0,0.0,0.0,0.0,0.0,0.0,0.0,2.0,12.5,19.25,5,1,20.0,25,0.64,1562.5,0.0,0.0,0.0,0.0,0.0,0.0,2.0,12.5,15.25,Guaviare,0,0,0.0058485577
50,6,2017,282,20.69858156028369,134.0,7.0,0.0,47.5177304964539,2.4822695035460995,0.0,2.0,7.042253521126761,0.0,0.0,0.0,0.0,0.0,0.0,16.0,5.673758865248227,8.9822695035461,96,4,4.166666666666666,480,0.5875,1702.127659574468,0.0,0.0,0.0,0.0,0.0,0.0,7.0,2.4822695035460995,5.74113475177305,Meta,0,0,0.0063951924
50,313,2017,2786,19.27997128499641,1633.0,55.0,0.0,58.61450107681263,1.9741564967695624,0.0,359.0,114.14944356120826,16.0,0.574300071787509,0.0,0.0,0.0,0.0,348.0,12.49102656137832,7.99102656137832,86,7,8.13953488372093,430,6.47906976744186,154.34314429289304,0.0,0.0,0.0,0.0,0.0,0.0,120.0,4.3072505384063176,5.505025125628141,Meta,1,1,0.99748284
50,568,2017,428,19.30607476635514,243.0,9.0,0.0,56.77570093457944,2.102803738317757,0.0,5.0,11.547344110854503,1.0,0.233644859813084,0.0,0.0,0.0,0.0,18.0,4.205607476635514,32.51635514018692,30,3,10.0,150,2.853333333333333,350.46728971962614,0.0,0.0,0.0,0.0,0.0,0.0,79.0,18.457943925233643,27.957943925233646,Meta,0,1,0.9844861
50,330,2017,31,21.032258064516128,16.0,1.0,0.0,51.61290322580645,3.225806451612903,0.0,0.0,0.0,0.0,0.0,0.0,0.0,0.0,0.0,1.0,3.225806451612903,16.193548387096776,1,1,100.0,5,6.2,161.29032258064515,0.0,0.0,0.0,0.0,0.0,0.0,1.0,3.225806451612903,7.645161290322581,Meta,1,1,0.9824485
50,325,2017,62,18.70967741935484,38.0,2.0,0.0,61.29032258064516,3.225806451612903,0.0,1.0,15.873015873015872,0.0,0.0,0.0,0.0,0.0,0.0,5.0,8.064516129032258,25.661290322580644,3,2,66.66666666666666,15,4.133333333333334,241.93548387096772,0.0,0.0,0.0,0.0,0.0,0.0,6.0,9.67741935483871,13.17741935483871,Meta,1,1,0.9932592
50,689,2017,57,18.45614035087719,35.0,1.0,0.0,61.40350877192983,1.7543859649122806,0.0,0.0,0.0,0.0,0.0,0.0,0.0,0.0,0.0,11.0,19.29824561403509,11.24561403508772,17,1,5.88235294117647,85,0.6705882352941176,1491.2280701754385,0.0,0.0,0.0,0.0,0.0,0.0,4.0,7.017543859649122,5.87719298245614,Meta,0,0,0.005226957
50,573,2017,165,18.09090909090909,108.0,1.0,0.0,65.45454545454545,0.6060606060606061,0.0,5.0,29.41176470588235,0.0,0.0,0.0,0.0,0.0,0.0,22.0,13.333333333333334,11.418181818181818,29,2,6.896551724137931,145,1.137931034482759,878.7878787878788,0.0,0.0,0.0,0.0,0.0,0.0,9.0,5.454545454545454,5.193939393939394,Meta,1,1,0.9834573
50,680,2017,35,18.857142857142858,18.0,0.0,0.0,51.42857142857142,0.0,0.0,0.0,0.0,0.0,0.0,0.0,0.0,0.0,0.0,3.0,8.571428571428571,10.628571428571428,1,1,100.0,5,7.0,142.85714285714286,0.0,0.0,0.0,0.0,0.0,0.0,3.0,8.571428571428571,4.6,Meta,1,1,0.98236924
50,124,2017,16,20.4375,8.0,1.0,0.0,50.0,6.25,0.0,0.0,0.0,0.0,0.0,0.0,0.0,0.0,0.0,4.0,25.0,8.0625,2,1,50.0,10,1.6,625.0,0.0,0.0,0.0,0.0,0.0,0.0,1.0,6.25,4.75,Meta,0,0,0.005272811
50,711,2017,53,19.16981132075472,30.0,1.0,0.0,56.60377358490566,1.8867924528301887,0.0,0.0,0.0,0.0,0.0,0.0,0.0,0.0,0.0,5.0,9.433962264150944,11.433962264150944,5,1,20.0,25,2.12,471.6981132075472,0.0,0.0,0.0,0.0,0.0,0.0,7.0,13.20754716981132,3.8867924528301887,Meta,0,0,0.0051795505
50,350,2017,76,19.69736842105263,45.0,3.0,0.0,59.210526315789465,3.947368421052632,0.0,1.0,12.987012987012989,0.0,0.0,0.0,0.0,0.0,0.0,16.0,21.052631578947366,19.06578947368421,4,2,50.0,20,3.8,263.1578947368421,0.0,0.0,0.0,0.0,0.0,0.0,2.0,2.631578947368421,7.144736842105263,Meta,1,1,0.9894673
50,287,2017,41,20.414634146341463,21.0,1.0,0.0,51.21951219512195,2.4390243902439024,0.0,1.0,23.809523809523807,0.0,0.0,0.0,0.0,0.0,0.0,2.0,4.878048780487805,10.707317073170731,5,1,20.0,25,1.64,609.7560975609756,0.0,0.0,0.0,0.0,0.0,0.0,1.0,2.4390243902439024,5.804878048780488,Meta,1,1,0.9851521
50,450,2017,31,19.90322580645161,16.0,0.0,0.0,51.61290322580645,0.0,0.0,1.0,31.25,1.0,3.225806451612903,0.0,0.0,0.0,0.0,4.0,12.903225806451612,16.419354838709676,1,1,100.0,5,6.2,161.29032258064515,0.0,0.0,0.0,0.0,0.0,0.0,4.0,12.903225806451612,3.3548387096774195,Meta,1,1,0.99772567
50,577,2017,25,20.2,14.0,0.0,0.0,56.00000000000001,0.0,0.0,1.0,38.46153846153847,0.0,0.0,0.0,0.0,0.0,0.0,1.0,4.0,12.12,3,1,33.33333333333333,15,1.6666666666666667,600.0,0.0,0.0,0.0,0.0,0.0,0.0,1.0,4.0,4.6,Meta,1,1,0.9849823
50,590,2017,56,20.214285714285715,29.0,2.0,0.0,51.78571428571429,3.571428571428571,0.0,0.0,0.0,0.0,0.0,0.0,0.0,0.0,0.0,14.0,25.0,7.982142857142857,2,1,50.0,10,5.6,178.57142857142858,0.0,0.0,0.0,0.0,0.0,0.0,2.0,3.571428571428571,4.696428571428571,Meta,1,1,0.97797865
50,150,2017,45,19.622222222222224,25.0,0.0,0.0,55.55555555555556,0.0,0.0,0.0,0.0,0.0,0.0,0.0,0.0,0.0,0.0,5.0,11.11111111111111,10.11111111111111,8,5,62.5,40,1.125,888.8888888888888,0.0,0.0,0.0,0.0,0.0,0.0,2.0,4.444444444444445,5.8,Meta,0,0,0.0042081242
50,251,2017,28,18.535714285714285,18.0,0.0,0.0,64.28571428571429,0.0,0.0,1.0,34.48275862068965,0.0,0.0,0.0,0.0,0.0,0.0,2.0,7.142857142857142,11.214285714285714,1,1,100.0,5,5.6,178.57142857142858,0.0,0.0,0.0,0.0,0.0,0.0,2.0,7.142857142857142,4.142857142857143,Meta,1,1,0.9978538
50,318,2017,12,22.0,5.0,0.0,0.0,41.66666666666667,0.0,0.0,0.0,0.0,0.0,0.0,0.0,0.0,0.0,0.0,1.0,8.333333333333332,7.916666666666667,7,1,14.285714285714285,35,0.3428571428571428,2916.6666666666665,0.0,0.0,0.0,0.0,0.0,0.0,0.0,0.0,5.333333333333333,Meta,0,0,0.0034111931
50,370,2017,43,22.65116279069768,16.0,3.0,0.0,37.2093023255814,6.976744186046512,0.0,1.0,22.727272727272727,0.0,0.0,0.0,0.0,0.0,0.0,1.0,2.3255813953488373,9.651162790697674,2,2,100.0,10,4.3,232.5581395348837,0.0,0.0,0.0,0.0,0.0,0.0,1.0,2.3255813953488373,4.325581395348837,Meta,1,1,0.9975782
50,683,2017,8,23.25,3.0,1.0,0.0,37.5,12.5,0.0,0.0,0.0,0.0,0.0,0.0,0.0,0.0,0.0,1.0,12.5,19.375,2,1,50.0,10,0.8,1250.0,0.0,0.0,0.0,0.0,0.0,0.0,0.0,0.0,6.125,Meta,0,0,0.004710355
50,223,2017,20,19.5,12.0,0.0,0.0,60.0,0.0,0.0,0.0,0.0,0.0,0.0,0.0,0.0,0.0,0.0,1.0,5.0,7.55,2,1,50.0,10,2.0,500.0,0.0,0.0,0.0,0.0,0.0,0.0,0.0,0.0,5.65,Meta,0,0,0.0056494735
50,226,2017,26,21.23076923076923,13.0,2.0,0.0,50.0,7.6923076923076925,0.0,1.0,37.03703703703704,1.0,3.8461538461538463,0.0,0.0,0.0,0.0,2.0,7.6923076923076925,7.6923076923076925,14,1,7.142857142857142,70,0.3714285714285714,2692.3076923076924,0.0,0.0,0.0,0.0,0.0,0.0,3.0,11.538461538461538,4.461538461538462,Meta,1,1,0.98154116
50,686,2017,12,17.416666666666668,8.0,0.0,0.0,66.66666666666666,0.0,0.0,1.0,76.92307692307693,0.0,0.0,0.0,0.0,0.0,0.0,1.0,8.333333333333332,15.666666666666666,1,1,100.0,5,2.4,416.6666666666667,0.0,0.0,0.0,0.0,0.0,0.0,1.0,8.333333333333332,4.416666666666667,Meta,1,1,0.99167705
50,400,2017,9,20.88888888888889,5.0,0.0,0.0,55.55555555555556,0.0,0.0,0.0,0.0,0.0,0.0,0.0,0.0,0.0,0.0,2.0,22.22222222222222,17.444444444444443,4,1,25.0,20,0.45,2222.222222222222,0.0,0.0,0.0,0.0,0.0,0.0,0.0,0.0,6.777777777777778,Meta,0,0,0.0045522638
50,110,2017,26,18.53846153846154,18.0,0.0,0.0,69.23076923076923,0.0,0.0,0.0,0.0,0.0,0.0,0.0,0.0,0.0,0.0,2.0,7.6923076923076925,7.730769230769231,4,1,25.0,20,1.3,769.2307692307693,0.0,0.0,0.0,0.0,0.0,0.0,1.0,3.8461538461538463,5.307692307692308,Meta,0,0,0.0036817328
50,606,2017,12,21.166666666666668,6.0,1.0,0.0,50.0,8.333333333333332,0.0,0.0,0.0,0.0,0.0,0.0,0.0,0.0,0.0,3.0,25.0,8.0,11,1,9.090909090909092,55,0.2181818181818181,4583.333333333333,0.0,0.0,0.0,0.0,0.0,0.0,2.0,16.666666666666664,3.4166666666666665,Meta,0,0,0.004718882
50,270,2017,4,18.25,2.0,0.0,0.0,50.0,0.0,0.0,0.0,0.0,0.0,0.0,0.0,0.0,0.0,0.0,0.0,0.0,8.5,2,1,50.0,10,0.4,2500.0,0.0,0.0,0.0,0.0,0.0,0.0,0.0,0.0,5.75,Meta,0,0,0.00443796
50,245,2017,4,23.25,1.0,0.0,0.0,25.0,0.0,0.0,0.0,0.0,0.0,0.0,0.0,0.0,0.0,0.0,0.0,0.0,8.0,1,1,100.0,5,0.8,1250.0,0.0,0.0,0.0,0.0,0.0,0.0,0.0,0.0,4.75,Meta,0,0,0.0043103327
81,736,2017,2369,19.187420852680457,1388.0,43.0,0.0,58.5901224145209,1.815111861544956,0.0,415.0,149.066091954023,12.0,0.5065428450823132,0.0,0.0,0.0,0.0,403.0,17.01139721401435,9.659349936682144,71,10,14.084507042253522,355,6.673239436619719,149.85225833685098,0.0,0.0,0.0,0.0,0.0,0.0,103.0,4.3478260869565215,6.990291262135922,Arauca,1,1,0.99760455
81,300,2017,75,19.28,39.0,1.0,0.0,52.0,1.3333333333333337,0.0,5.0,62.5,0.0,0.0,0.0,0.0,0.0,0.0,7.0,9.333333333333334,25.12,21,6,28.57142857142857,105,0.7142857142857143,1400.0,0.0,0.0,0.0,0.0,0.0,0.0,2.0,2.666666666666667,18.21333333333333,Arauca,1,1,0.98482704
81,591,2017,39,18.41025641025641,27.0,0.0,0.0,69.23076923076923,0.0,0.0,1.0,25.0,0.0,0.0,0.0,0.0,0.0,0.0,9.0,23.07692307692308,26.64102564102564,3,1,33.33333333333333,15,2.6,384.61538461538464,0.0,0.0,0.0,0.0,0.0,0.0,4.0,10.256410256410255,15.076923076923077,Arauca,1,1,0.99798405
81,794,2017,346,19.32658959537572,201.0,8.0,0.0,58.09248554913295,2.312138728323699,0.0,5.0,14.245014245014245,1.0,0.2890173410404624,0.0,0.0,0.0,0.0,36.0,10.404624277456648,28.4971098265896,82,12,14.634146341463412,410,0.8439024390243902,1184.9710982658958,0.0,0.0,0.0,0.0,0.0,0.0,28.0,8.092485549132949,25.066473988439306,Arauca,0,0,0.07970251
81,65,2017,188,19.654255319148938,107.0,3.0,0.0,56.91489361702128,1.5957446808510638,0.0,1.0,5.291005291005291,1.0,0.5319148936170213,0.0,0.0,0.0,0.0,22.0,11.702127659574469,21.71808510638298,30,9,30.0,150,1.2533333333333334,797.8723404255319,0.0,0.0,0.0,0.0,0.0,0.0,15.0,7.978723404255319,16.21808510638298,Arauca,0,0,0.010160495
81,220,2017,42,17.904761904761905,28.0,1.0,0.0,66.66666666666666,2.380952380952381,0.0,2.0,45.45454545454545,1.0,2.380952380952381,0.0,0.0,0.0,0.0,7.0,16.666666666666664,8.0,1,1,100.0,5,8.4,119.04761904761904,0.0,0.0,0.0,0.0,0.0,0.0,7.0,16.666666666666664,3.857142857142857,Arauca,1,1,0.9978538
99,524,2017,44,20.022727272727277,24.0,0.0,0.0,54.54545454545454,0.0,0.0,1.0,22.22222222222222,0.0,0.0,0.0,0.0,0.0,0.0,7.0,15.909090909090908,43.11363636363637,5,1,20.0,25,1.76,568.1818181818182,0.0,0.0,0.0,0.0,0.0,0.0,7.0,15.909090909090908,9.75,Vichada,1,1,0.98696893
99,773,2017,184,19.940217391304348,106.0,6.0,0.0,57.60869565217392,3.260869565217391,0.0,5.0,26.45502645502645,0.0,0.0,0.0,0.0,0.0,0.0,35.0,19.021739130434785,25.315217391304348,5,1,20.0,25,7.36,135.86956521739128,0.0,0.0,0.0,0.0,0.0,0.0,73.0,39.67391304347826,1.8423913043478264,Vichada,1,1,0.9972976
99,624,2017,35,19.571428571428573,18.0,0.0,0.0,51.42857142857142,0.0,0.0,0.0,0.0,0.0,0.0,0.0,0.0,0.0,0.0,1.0,2.857142857142857,8.085714285714285,3,1,33.33333333333333,15,2.333333333333333,428.57142857142856,0.0,0.0,0.0,0.0,0.0,0.0,4.0,11.428571428571429,5.057142857142857,Vichada,0,0,0.012075069
85,263,2017,71,19.95774647887324,37.0,2.0,0.0,52.11267605633802,2.8169014084507045,0.0,1.0,13.888888888888888,0.0,0.0,0.0,0.0,0.0,0.0,10.0,14.084507042253522,10.380281690140846,6,1,16.666666666666664,30,2.3666666666666667,422.5352112676056,0.0,0.0,0.0,0.0,0.0,0.0,1.0,1.4084507042253522,4.295774647887324,Casanare,0,0,0.08244231
85,440,2017,157,20.37579617834395,81.0,3.0,0.0,51.59235668789809,1.910828025477707,0.0,2.0,12.57861635220126,0.0,0.0,0.0,0.0,0.0,0.0,8.0,5.095541401273886,8.101910828025478,37,1,2.702702702702702,185,0.8486486486486486,1178.343949044586,0.0,0.0,0.0,0.0,0.0,0.0,5.0,3.1847133757961785,5.426751592356688,Casanare,0,0,0.008794492
85,125,2017,29,18.20689655172414,19.0,0.0,0.0,65.51724137931035,0.0,0.0,0.0,0.0,0.0,0.0,0.0,0.0,0.0,0.0,2.0,6.896551724137931,23.41379310344828,5,1,20.0,25,1.16,862.0689655172413,0.0,0.0,0.0,0.0,0.0,0.0,1.0,3.4482758620689653,7.413793103448276,Casanare,0,0,0.0053111925
85,139,2017,68,19.61764705882353,39.0,3.0,0.0,57.35294117647059,4.411764705882353,0.0,0.0,0.0,0.0,0.0,0.0,0.0,0.0,0.0,6.0,8.823529411764707,7.911764705882353,10,1,10.0,50,1.36,735.2941176470589,0.0,0.0,0.0,0.0,0.0,0.0,5.0,7.352941176470589,4.544117647058823,Casanare,0,0,0.0036636249
85,230,2017,56,18.25,37.0,0.0,0.0,66.07142857142857,0.0,0.0,1.0,17.543859649122805,0.0,0.0,0.0,0.0,0.0,0.0,12.0,21.428571428571427,13.053571428571429,5,1,20.0,25,2.24,446.4285714285714,0.0,0.0,0.0,0.0,0.0,0.0,7.0,12.5,3.7857142857142856,Casanare,0,0,0.09822344
85,15,2017,5,16.0,5.0,0.0,0.0,100.0,0.0,0.0,0.0,0.0,0.0,0.0,0.0,0.0,0.0,0.0,1.0,20.0,10.0,1,1,100.0,5,1.0,1000.0,0.0,0.0,0.0,0.0,0.0,0.0,0.0,0.0,6.6,Casanare,0,0,0.0065087513
85,250,2017,217,19.44700460829493,127.0,4.0,0.0,58.525345622119815,1.8433179723502304,0.0,1.0,4.587155963302752,1.0,0.4608294930875576,0.0,0.0,0.0,0.0,16.0,7.373271889400922,10.096774193548388,37,1,2.702702702702702,185,1.172972972972973,852.5345622119816,0.0,0.0,0.0,0.0,0.0,0.0,13.0,5.990783410138248,4.271889400921659,Casanare,0,0,0.0049947407
85,325,2017,31,22.0,11.0,1.0,0.0,35.483870967741936,3.225806451612903,0.0,1.0,31.25,0.0,0.0,0.0,0.0,0.0,0.0,4.0,12.903225806451612,7.612903225806452,2,1,50.0,10,3.1,322.5806451612903,0.0,0.0,0.0,0.0,0.0,0.0,1.0,3.225806451612903,4.774193548387097,Casanare,1,1,0.99772567
85,162,2017,60,21.666666666666668,23.0,2.0,0.0,38.333333333333336,3.333333333333333,0.0,1.0,16.393442622950822,0.0,0.0,0.0,0.0,0.0,0.0,5.0,8.333333333333332,8.2,16,1,6.25,80,0.75,1333.3333333333333,0.0,0.0,0.0,0.0,0.0,0.0,3.0,5.0,4.9,Casanare,0,0,0.028571999
85,410,2017,98,20.214285714285715,53.0,1.0,0.0,54.08163265306123,1.020408163265306,0.0,0.0,0.0,0.0,0.0,0.0,0.0,0.0,0.0,7.0,7.142857142857142,9.03061224489796,23,1,4.3478260869565215,115,0.8521739130434782,1173.4693877551022,0.0,0.0,0.0,0.0,0.0,0.0,4.0,4.081632653061225,5.908163265306122,Casanare,0,0,0.0033626836
85,225,2017,38,18.0,24.0,0.0,0.0,63.1578947368421,0.0,0.0,0.0,0.0,0.0,0.0,0.0,0.0,0.0,0.0,7.0,18.421052631578945,12.473684210526317,3,1,33.33333333333333,15,2.533333333333333,394.7368421052632,0.0,0.0,0.0,0.0,0.0,0.0,3.0,7.894736842105263,6.447368421052632,Casanare,0,1,0.969343
85,10,2017,158,19.139240506329116,94.0,2.0,0.0,59.49367088607595,1.2658227848101269,0.0,0.0,0.0,1.0,0.6329113924050633,0.0,0.0,0.0,0.0,14.0,8.860759493670885,8.854430379746836,48,2,4.166666666666666,240,0.6583333333333333,1518.987341772152,0.0,0.0,0.0,0.0,0.0,0.0,2.0,1.2658227848101269,5.689873417721519,Casanare,0,0,0.0035633082
85,430,2017,29,20.724137931034484,14.0,0.0,0.0,48.27586206896552,0.0,0.0,0.0,0.0,0.0,0.0,0.0,0.0,0.0,0.0,5.0,17.24137931034483,14.551724137931034,9,2,22.22222222222222,45,0.6444444444444445,1551.7241379310344,0.0,0.0,0.0,0.0,0.0,0.0,1.0,3.4482758620689653,4.758620689655173,Casanare,0,0,0.005003889
85,400,2017,11,21.545454545454547,6.0,1.0,0.0,54.54545454545454,9.090909090909092,0.0,0.0,0.0,0.0,0.0,0.0,0.0,0.0,0.0,0.0,0.0,15.909090909090908,3,1,33.33333333333333,15,0.7333333333333333,1363.6363636363635,0.0,0.0,0.0,0.0,0.0,0.0,1.0,9.090909090909092,12.454545454545457,Casanare,0,0,0.0060135606
85,300,2017,8,21.375,2.0,0.0,0.0,25.0,0.0,0.0,0.0,0.0,0.0,0.0,0.0,0.0,0.0,0.0,1.0,12.5,7.5,3,1,33.33333333333333,15,0.5333333333333333,1875.0,0.0,0.0,0.0,0.0,0.0,0.0,0.0,0.0,6.25,Casanare,0,0,0.003994698
85,315,2017,3,23.666666666666668,1.0,0.0,0.0,33.33333333333333,0.0,0.0,0.0,0.0,0.0,0.0,0.0,0.0,0.0,0.0,2.0,66.66666666666666,36.66666666666666,1,1,100.0,5,0.6,1666.6666666666667,0.0,0.0,0.0,0.0,0.0,0.0,0.0,0.0,6.0,Casanare,0,0,0.005645631
85,136,2017,2,14.5,2.0,0.0,0.0,100.0,0.0,0.0,0.0,0.0,0.0,0.0,0.0,0.0,0.0,0.0,0.0,0.0,8.5,1,1,100.0,5,0.4,2500.0,0.0,0.0,0.0,0.0,0.0,0.0,0.0,0.0,4.0,Casanare,0,0,0.0045672366
85,279,2017,2,24.5,0.0,0.0,0.0,0.0,0.0,0.0,0.0,0.0,0.0,0.0,0.0,0.0,0.0,0.0,0.0,0.0,4.5,1,1,100.0,5,0.4,2500.0,0.0,0.0,0.0,0.0,0.0,0.0,0.0,0.0,7.0,Casanare,0,0,0.004588141
95,200,2017,29,19.344827586206897,19.0,2.0,0.0,65.51724137931035,6.896551724137931,0.0,0.0,0.0,0.0,0.0,0.0,0.0,0.0,0.0,3.0,10.344827586206897,38.58620689655172,1,1,100.0,5,5.8,172.41379310344828,0.0,0.0,0.0,0.0,0.0,0.0,2.0,6.896551724137931,6.448275862068965,Guaviare,1,1,0.9834236
95,15,2017,15,17.666666666666668,10.0,0.0,0.0,66.66666666666666,0.0,0.0,0.0,0.0,0.0,0.0,0.0,0.0,0.0,0.0,5.0,33.33333333333333,44.266666666666666,3,1,33.33333333333333,15,1.0,1000.0,0.0,0.0,0.0,0.0,0.0,0.0,1.0,6.666666666666667,9.266666666666667,Guaviare,0,0,0.0066037397
95,25,2017,17,18.94117647058824,11.0,1.0,0.0,64.70588235294117,5.88235294117647,0.0,0.0,0.0,0.0,0.0,0.0,0.0,0.0,0.0,5.0,29.411764705882355,23.294117647058822,5,1,20.0,25,0.68,1470.5882352941178,0.0,0.0,0.0,0.0,0.0,0.0,3.0,17.647058823529413,14.352941176470589,Guaviare,0,0,0.005618912
50,6,2018,273,19.83882783882784,159.0,5.0,0.0,58.24175824175825,1.831501831501832,0.0,3.0,10.869565217391305,0.0,0.0,0.0,0.0,0.0,0.0,23.0,8.424908424908425,9.571428571428571,96,4,4.166666666666666,480,0.56875,1758.241758241758,0.0,0.0,0.0,0.0,0.0,0.0,13.0,4.761904761904762,5.7765567765567765,Meta,0,0,0.0074368156
50,313,2018,2938,19.57726344452008,1662.0,68.0,0.0,56.56909462219196,2.314499659632403,0.0,357.0,108.34597875569044,25.0,0.8509189925119129,0.0,0.0,0.0,0.0,477.0,16.235534377127298,8.355684138869979,86,7,8.13953488372093,430,6.832558139534884,146.358066712049,0.0,0.0,0.0,0.0,0.0,0.0,102.0,3.4717494894486043,5.509530292716134,Meta,1,1,0.99742967
50,568,2018,581,19.27538726333907,332.0,17.0,0.0,57.14285714285714,2.9259896729776247,0.0,4.0,6.837606837606837,1.0,0.1721170395869191,0.0,0.0,0.0,0.0,28.0,4.819277108433735,46.3407917383821,30,3,10.0,150,3.8733333333333335,258.1755593803787,0.0,0.0,0.0,0.0,0.0,0.0,48.0,8.261617900172118,43.59380378657488,Meta,1,1,0.9787935
50,330,2018,42,19.38095238095238,23.0,1.0,0.0,54.761904761904766,2.380952380952381,0.0,0.0,0.0,0.0,0.0,0.0,0.0,0.0,0.0,2.0,4.761904761904762,7.738095238095238,1,1,100.0,5,8.4,119.04761904761904,0.0,0.0,0.0,0.0,0.0,0.0,0.0,0.0,5.023809523809524,Meta,1,1,0.98236924
50,325,2018,84,17.80952380952381,57.0,1.0,0.0,67.85714285714286,1.1904761904761905,0.0,1.0,11.76470588235294,1.0,1.1904761904761905,0.0,0.0,0.0,0.0,8.0,9.523809523809524,47.96428571428572,3,2,66.66666666666666,15,5.6,178.57142857142858,0.0,0.0,0.0,0.0,0.0,0.0,2.0,2.380952380952381,42.523809523809526,Meta,1,1,0.9869305
50,689,2018,35,19.37142857142857,19.0,1.0,0.0,54.285714285714285,2.857142857142857,0.0,1.0,27.77777777777777,0.0,0.0,0.0,0.0,0.0,0.0,7.0,20.0,7.857142857142857,17,1,5.88235294117647,85,0.4117647058823529,2428.5714285714284,0.0,0.0,0.0,0.0,0.0,0.0,1.0,2.857142857142857,6.085714285714285,Meta,1,1,0.98637426
50,573,2018,147,19.142857142857142,82.0,2.0,0.0,55.78231292517006,1.3605442176870748,0.0,1.0,6.756756756756757,0.0,0.0,0.0,0.0,0.0,0.0,11.0,7.482993197278912,9.462585034013603,29,2,6.896551724137931,145,1.013793103448276,986.3945578231292,0.0,0.0,0.0,0.0,0.0,0.0,7.0,4.761904761904762,5.36734693877551,Meta,0,0,0.005059864
50,680,2018,42,19.38095238095238,24.0,1.0,0.0,57.14285714285714,2.380952380952381,0.0,0.0,0.0,0.0,0.0,0.0,0.0,0.0,0.0,3.0,7.142857142857142,9.976190476190476,1,1,100.0,5,8.4,119.04761904761904,0.0,0.0,0.0,0.0,0.0,0.0,1.0,2.380952380952381,5.071428571428571,Meta,1,1,0.98236924
50,124,2018,20,21.5,7.0,0.0,0.0,35.0,0.0,0.0,0.0,0.0,0.0,0.0,0.0,0.0,0.0,0.0,2.0,10.0,13.2,2,1,50.0,10,2.0,500.0,0.0,0.0,0.0,0.0,0.0,0.0,2.0,10.0,4.5,Meta,0,0,0.0052606724
50,711,2018,50,18.0,35.0,1.0,0.0,70.0,2.0,0.0,0.0,0.0,0.0,0.0,0.0,0.0,0.0,0.0,6.0,12.0,19.04,5,1,20.0,25,2.0,500.0,0.0,0.0,0.0,0.0,0.0,0.0,3.0,6.0,8.02,Meta,0,0,0.0051480294
50,350,2018,86,18.58139534883721,52.0,2.0,0.0,60.46511627906976,2.3255813953488373,0.0,2.0,22.727272727272727,0.0,0.0,0.0,0.0,0.0,0.0,17.0,19.76744186046512,17.627906976744185,4,2,50.0,20,4.3,232.5581395348837,0.0,0.0,0.0,0.0,0.0,0.0,4.0,4.651162790697675,10.406976744186046,Meta,1,1,0.9976816
50,287,2018,21,21.047619047619047,8.0,0.0,0.0,38.095238095238095,0.0,0.0,0.0,0.0,0.0,0.0,0.0,0.0,0.0,0.0,2.0,9.523809523809524,21.285714285714285,5,1,20.0,25,0.84,1190.4761904761904,0.0,0.0,0.0,0.0,0.0,0.0,1.0,4.761904761904762,13.857142857142858,Meta,0,0,0.0052942955
50,450,2018,14,17.0,9.0,0.0,0.0,64.28571428571429,0.0,0.0,1.0,66.66666666666667,0.0,0.0,0.0,0.0,0.0,0.0,2.0,14.285714285714285,8.285714285714286,1,1,100.0,5,2.8,357.1428571428572,0.0,0.0,0.0,0.0,0.0,0.0,0.0,0.0,2.357142857142857,Meta,1,1,0.9978538
50,577,2018,16,21.0625,7.0,0.0,0.0,43.75,0.0,0.0,0.0,0.0,0.0,0.0,0.0,0.0,0.0,0.0,3.0,18.75,19.0,3,1,33.33333333333333,15,1.0666666666666669,937.5,0.0,0.0,0.0,0.0,0.0,0.0,1.0,6.25,4.125,Meta,0,0,0.0048044464
50,590,2018,54,18.666666666666668,34.0,0.0,0.0,62.96296296296296,0.0,0.0,0.0,0.0,0.0,0.0,0.0,0.0,0.0,0.0,7.0,12.962962962962962,11.48148148148148,2,1,50.0,10,5.4,185.1851851851852,0.0,0.0,0.0,0.0,0.0,0.0,1.0,1.851851851851852,4.592592592592593,Meta,1,1,0.97953653
50,150,2018,47,19.97872340425532,24.0,0.0,0.0,51.06382978723404,0.0,0.0,1.0,20.83333333333333,0.0,0.0,0.0,0.0,0.0,0.0,5.0,10.638297872340424,11.872340425531917,8,5,62.5,40,1.175,851.063829787234,0.0,0.0,0.0,0.0,0.0,0.0,2.0,4.25531914893617,5.531914893617022,Meta,0,0,0.1599192
50,251,2018,23,22.43478260869565,8.0,0.0,0.0,34.78260869565217,0.0,0.0,1.0,41.66666666666666,0.0,0.0,0.0,0.0,0.0,0.0,4.0,17.391304347826086,12.434782608695652,1,1,100.0,5,4.6,217.3913043478261,0.0,0.0,0.0,0.0,0.0,0.0,0.0,0.0,8.521739130434783,Meta,1,1,0.9978636
50,318,2018,8,22.0,2.0,0.0,0.0,25.0,0.0,0.0,0.0,0.0,0.0,0.0,0.0,0.0,0.0,0.0,1.0,12.5,8.625,7,1,14.285714285714285,35,0.2285714285714285,4375.0,0.0,0.0,0.0,0.0,0.0,0.0,0.0,0.0,5.25,Meta,0,0,0.0034111931
50,370,2018,55,20.145454545454545,25.0,1.0,0.0,45.45454545454545,1.818181818181818,0.0,2.0,35.08771929824561,0.0,0.0,0.0,0.0,0.0,0.0,3.0,5.454545454545454,37.07272727272727,2,2,100.0,10,5.5,181.8181818181818,0.0,0.0,0.0,0.0,0.0,0.0,0.0,0.0,33.6,Meta,1,1,0.9976928
50,683,2018,9,18.666666666666668,6.0,0.0,0.0,66.66666666666666,0.0,0.0,0.0,0.0,0.0,0.0,0.0,0.0,0.0,0.0,1.0,11.11111111111111,8.222222222222221,2,1,50.0,10,0.9,1111.111111111111,0.0,0.0,0.0,0.0,0.0,0.0,1.0,11.11111111111111,4.111111111111111,Meta,0,0,0.004169207
50,223,2018,9,17.555555555555557,7.0,0.0,0.0,77.77777777777779,0.0,0.0,0.0,0.0,0.0,0.0,0.0,0.0,0.0,0.0,0.0,0.0,7.777777777777778,2,1,50.0,10,0.9,1111.111111111111,0.0,0.0,0.0,0.0,0.0,0.0,0.0,0.0,5.222222222222222,Meta,0,0,0.004169207
50,226,2018,42,20.80952380952381,19.0,2.0,0.0,45.23809523809524,4.761904761904762,0.0,0.0,0.0,0.0,0.0,0.0,0.0,0.0,0.0,3.0,7.142857142857142,12.714285714285714,14,1,7.142857142857142,70,0.6,1666.6666666666667,0.0,0.0,0.0,0.0,0.0,0.0,2.0,4.761904761904762,4.714285714285714,Meta,0,0,0.003962208
50,686,2018,2,17.0,1.0,0.0,0.0,50.0,0.0,0.0,0.0,0.0,0.0,0.0,0.0,0.0,0.0,0.0,1.0,50.0,53.5,1,1,100.0,5,0.4,2500.0,0.0,0.0,0.0,0.0,0.0,0.0,0.0,0.0,4.0,Meta,0,0,0.0056199348
50,400,2018,22,20.63636363636364,10.0,1.0,0.0,45.45454545454545,4.545454545454546,0.0,0.0,0.0,0.0,0.0,0.0,0.0,0.0,0.0,2.0,9.090909090909092,16.90909090909091,4,1,25.0,20,1.1,909.090909090909,0.0,0.0,0.0,0.0,0.0,0.0,0.0,0.0,6.045454545454546,Meta,0,0,0.0039149816
50,110,2018,19,21.73684210526316,8.0,0.0,0.0,42.10526315789473,0.0,0.0,0.0,0.0,0.0,0.0,0.0,0.0,0.0,0.0,0.0,0.0,12.894736842105264,4,1,25.0,20,0.95,1052.6315789473683,0.0,0.0,0.0,0.0,0.0,0.0,0.0,0.0,9.157894736842104,Meta,0,0,0.0039149816
50,606,2018,32,20.59375,16.0,1.0,0.0,50.0,3.125,0.0,0.0,0.0,0.0,0.0,0.0,0.0,0.0,0.0,0.0,0.0,7.84375,11,1,9.090909090909092,55,0.5818181818181818,1718.75,0.0,0.0,0.0,0.0,0.0,0.0,3.0,9.375,5.09375,Meta,0,0,0.0034111931
50,270,2018,2,17.0,2.0,0.0,0.0,100.0,0.0,0.0,1.0,333.3333333333333,0.0,0.0,0.0,0.0,0.0,0.0,1.0,50.0,9.0,2,1,50.0,10,0.2,5000.0,0.0,0.0,0.0,0.0,0.0,0.0,0.0,0.0,7.0,Meta,1,1,0.98524845
50,245,2018,1,22.0,0.0,0.0,0.0,0.0,0.0,0.0,0.0,0.0,0.0,0.0,0.0,0.0,0.0,0.0,0.0,0.0,9.0,1,1,100.0,5,0.2,5000.0,0.0,0.0,0.0,0.0,0.0,0.0,0.0,0.0,1.0,Meta,0,0,0.0043103327
81,736,2018,2595,19.43275529865125,1478.0,54.0,0.0,56.95568400770713,2.0809248554913293,0.0,418.0,138.73216063723865,11.0,0.4238921001926782,0.0,0.0,0.0,0.0,419.0,16.146435452793835,9.370327552986511,71,10,14.084507042253522,355,7.309859154929577,136.80154142581887,0.0,0.0,0.0,0.0,0.0,0.0,213.0,8.208092485549132,6.289402697495183,Arauca,1,1,0.99760455
81,300,2018,92,19.77173913043478,46.0,0.0,0.0,50.0,0.0,0.0,1.0,10.752688172043012,1.0,1.0869565217391304,0.0,0.0,0.0,0.0,7.0,7.608695652173914,34.78260869565217,21,6,28.57142857142857,105,0.8761904761904762,1141.304347826087,0.0,0.0,0.0,0.0,0.0,0.0,5.0,5.434782608695652,21.26086956521739,Arauca,0,0,0.010107204
81,591,2018,32,17.3125,23.0,0.0,0.0,71.875,0.0,0.0,0.0,0.0,0.0,0.0,0.0,0.0,0.0,0.0,5.0,15.625,18.96875,3,1,33.33333333333333,15,2.1333333333333333,468.75,0.0,0.0,0.0,0.0,0.0,0.0,1.0,3.125,10.15625,Arauca,0,0,0.009759095
81,794,2018,407,19.30958230958231,224.0,4.0,0.0,55.03685503685504,0.9828009828009828,0.0,18.0,42.35294117647059,2.0,0.4914004914004914,0.0,0.0,0.0,0.0,54.0,13.267813267813269,28.29238329238329,82,12,14.634146341463412,410,0.9926829268292684,1007.3710073710074,0.0,0.0,0.0,0.0,0.0,0.0,50.0,12.285012285012286,20.616707616707615,Arauca,1,1,0.9852122
81,65,2018,200,19.91,106.0,2.0,0.0,53.0,1.0,0.0,17.0,78.34101382488478,0.0,0.0,0.0,0.0,0.0,0.0,27.0,13.5,19.9,30,9,30.0,150,1.3333333333333333,750.0,0.0,0.0,0.0,0.0,0.0,0.0,23.0,11.5,12.815,Arauca,1,1,0.9864531
81,220,2018,44,20.181818181818183,22.0,1.0,0.0,50.0,2.272727272727273,0.0,0.0,0.0,0.0,0.0,0.0,0.0,0.0,0.0,5.0,11.363636363636363,16.568181818181817,1,1,100.0,5,8.8,113.63636363636364,0.0,0.0,0.0,0.0,0.0,0.0,4.0,9.090909090909092,9.181818181818182,Arauca,1,1,0.9824485
99,524,2018,74,20.37837837837838,41.0,2.0,0.0,55.4054054054054,2.702702702702702,0.0,1.0,13.333333333333334,0.0,0.0,0.0,0.0,0.0,0.0,10.0,13.513513513513514,48.44594594594594,5,1,20.0,25,2.96,337.8378378378378,0.0,0.0,0.0,0.0,0.0,0.0,13.0,17.56756756756757,12.756756756756756,Vichada,1,1,0.98559475
99,773,2018,447,19.995525727069356,250.0,17.0,0.0,55.92841163310962,3.803131991051454,0.0,11.0,24.017467248908297,1.0,0.2237136465324384,0.0,0.0,0.0,0.0,77.0,17.225950782997764,49.59060402684564,5,1,20.0,25,17.88,55.92841163310962,0.0,0.0,0.0,0.0,0.0,0.0,237.0,53.02013422818792,7.096196868008948,Vichada,1,1,0.99746144
99,624,2018,32,18.03125,23.0,0.0,0.0,71.875,0.0,0.0,1.0,30.303030303030305,0.0,0.0,0.0,0.0,0.0,0.0,1.0,3.125,33.4375,3,1,33.33333333333333,15,2.1333333333333333,468.75,0.0,0.0,0.0,0.0,0.0,0.0,7.0,21.875,20.96875,Vichada,1,1,0.9883867
85,263,2018,68,20.235294117647054,34.0,3.0,0.0,50.0,4.411764705882353,0.0,0.0,0.0,0.0,0.0,0.0,0.0,0.0,0.0,8.0,11.76470588235294,14.779411764705882,6,1,16.666666666666664,30,2.2666666666666666,441.1764705882353,0.0,0.0,0.0,0.0,0.0,0.0,4.0,5.88235294117647,8.691176470588236,Casanare,0,0,0.007958745
85,440,2018,139,20.30935251798561,67.0,6.0,0.0,48.20143884892087,4.316546762589928,0.0,1.0,7.142857142857142,0.0,0.0,0.0,0.0,0.0,0.0,18.0,12.949640287769784,8.942446043165468,37,1,2.702702702702702,185,0.7513513513513513,1330.935251798561,0.0,0.0,0.0,0.0,0.0,0.0,10.0,7.194244604316546,6.381294964028777,Casanare,0,0,0.006695613
85,125,2018,91,17.36263736263736,69.0,1.0,0.0,75.82417582417582,1.098901098901099,0.0,1.0,10.869565217391305,1.0,1.098901098901099,0.0,0.0,0.0,0.0,5.0,5.494505494505495,40.65934065934066,5,1,20.0,25,3.64,274.72527472527474,0.0,0.0,0.0,0.0,0.0,0.0,3.0,3.296703296703297,30.307692307692307,Casanare,1,1,0.98172826
85,139,2018,94,20.170212765957448,52.0,3.0,0.0,55.319148936170215,3.191489361702128,0.0,0.0,0.0,0.0,0.0,0.0,0.0,0.0,0.0,11.0,11.702127659574469,8.180851063829786,10,1,10.0,50,1.88,531.9148936170212,0.0,0.0,0.0,0.0,0.0,0.0,17.0,18.08510638297873,3.638297872340425,Casanare,0,0,0.0035106377
85,230,2018,93,20.580645161290324,47.0,2.0,0.0,50.53763440860215,2.1505376344086025,0.0,0.0,0.0,0.0,0.0,0.0,0.0,0.0,0.0,8.0,8.60215053763441,19.053763440860216,5,1,20.0,25,3.72,268.81720430107526,0.0,0.0,0.0,0.0,0.0,0.0,7.0,7.526881720430108,13.440860215053764,Casanare,1,1,0.9775523
85,15,2018,10,21.0,4.0,0.0,0.0,40.0,0.0,0.0,0.0,0.0,0.0,0.0,0.0,0.0,0.0,0.0,0.0,0.0,9.2,1,1,100.0,5,2.0,500.0,0.0,0.0,0.0,0.0,0.0,0.0,0.0,0.0,6.5,Casanare,0,0,0.0058404147
85,250,2018,293,20.286689419795223,156.0,7.0,0.0,53.24232081911264,2.389078498293516,0.0,0.0,0.0,1.0,0.3412969283276451,0.0,0.0,0.0,0.0,28.0,9.55631399317406,17.27645051194539,37,1,2.702702702702702,185,1.5837837837837838,631.3993174061433,0.0,0.0,0.0,0.0,0.0,0.0,15.0,5.119453924914676,11.41296928327645,Casanare,0,0,0.0060871704
85,325,2018,31,19.096774193548388,19.0,1.0,0.0,61.29032258064516,3.225806451612903,0.0,1.0,31.25,0.0,0.0,0.0,0.0,0.0,0.0,5.0,16.129032258064516,11.03225806451613,2,1,50.0,10,3.1,322.5806451612903,0.0,0.0,0.0,0.0,0.0,0.0,0.0,0.0,8.161290322580646,Casanare,1,1,0.99798405
85,162,2018,63,19.6984126984127,35.0,0.0,0.0,55.55555555555556,0.0,0.0,3.0,45.45454545454545,1.0,1.5873015873015872,0.0,0.0,0.0,0.0,12.0,19.047619047619047,9.07936507936508,16,1,6.25,80,0.7875,1269.84126984127,0.0,0.0,0.0,0.0,0.0,0.0,2.0,3.1746031746031744,5.809523809523809,Casanare,1,1,0.9801323
85,410,2018,83,21.698795180722893,29.0,1.0,0.0,34.93975903614458,1.2048192771084338,0.0,1.0,11.904761904761903,1.0,1.2048192771084338,0.0,0.0,0.0,0.0,5.0,6.024096385542169,10.373493975903614,23,1,4.3478260869565215,115,0.7217391304347827,1385.5421686746988,0.0,0.0,0.0,0.0,0.0,0.0,3.0,3.614457831325301,7.891566265060241,Casanare,0,0,0.008210408
85,225,2018,31,19.83870967741936,17.0,0.0,0.0,54.83870967741935,0.0,0.0,0.0,0.0,0.0,0.0,0.0,0.0,0.0,0.0,1.0,3.225806451612903,61.03225806451613,3,1,33.33333333333333,15,2.066666666666667,483.8709677419355,0.0,0.0,0.0,0.0,0.0,0.0,1.0,3.225806451612903,19.096774193548388,Casanare,0,0,0.008362822
85,10,2018,148,19.5,83.0,2.0,0.0,56.08108108108109,1.351351351351351,0.0,0.0,0.0,0.0,0.0,0.0,0.0,0.0,0.0,12.0,8.108108108108109,10.45945945945946,48,2,4.166666666666666,240,0.6166666666666667,1621.6216216216217,0.0,0.0,0.0,0.0,0.0,0.0,8.0,5.405405405405405,5.966216216216216,Casanare,0,0,0.0035633082
85,430,2018,82,19.353658536585368,46.0,1.0,0.0,56.09756097560976,1.2195121951219512,0.0,1.0,12.048192771084338,0.0,0.0,0.0,0.0,0.0,0.0,11.0,13.414634146341465,19.78048780487805,9,2,22.22222222222222,45,1.8222222222222224,548.7804878048781,0.0,0.0,0.0,0.0,0.0,0.0,3.0,3.658536585365853,9.597560975609756,Casanare,0,0,0.015823388
85,400,2018,30,19.83333333333333,17.0,1.0,0.0,56.66666666666666,3.333333333333333,0.0,1.0,32.25806451612903,0.0,0.0,0.0,0.0,0.0,0.0,2.0,6.666666666666667,38.4,3,1,33.33333333333333,15,2.0,500.0,0.0,0.0,0.0,0.0,0.0,0.0,2.0,6.666666666666667,29.5,Casanare,1,1,0.9878535
85,300,2018,9,23.11111111111111,2.0,0.0,0.0,22.22222222222222,0.0,0.0,0.0,0.0,0.0,0.0,0.0,0.0,0.0,0.0,1.0,11.11111111111111,8.222222222222221,3,1,33.33333333333333,15,0.6,1666.6666666666667,0.0,0.0,0.0,0.0,0.0,0.0,0.0,0.0,7.777777777777778,Casanare,0,0,0.003994698
85,315,2018,18,19.77777777777778,10.0,0.0,0.0,55.55555555555556,0.0,0.0,0.0,0.0,0.0,0.0,0.0,0.0,0.0,0.0,0.0,0.0,68.5,1,1,100.0,5,3.6,277.77777777777777,0.0,0.0,0.0,0.0,0.0,0.0,0.0,0.0,67.61111111111111,Casanare,1,1,0.9824485
85,136,2018,4,20.75,2.0,0.0,0.0,50.0,0.0,0.0,0.0,0.0,0.0,0.0,0.0,0.0,0.0,0.0,0.0,0.0,8.0,1,1,100.0,5,0.8,1250.0,0.0,0.0,0.0,0.0,0.0,0.0,0.0,0.0,6.0,Casanare,0,0,0.004588141
85,279,2018,1,22.0,0.0,0.0,0.0,0.0,0.0,0.0,0.0,0.0,0.0,0.0,0.0,0.0,0.0,0.0,0.0,0.0,8.0,1,1,100.0,5,0.2,5000.0,0.0,0.0,0.0,0.0,0.0,0.0,0.0,0.0,9.0,Casanare,0,0,0.004588141
95,200,2018,20,18.15,14.0,1.0,0.0,70.0,5.0,0.0,1.0,47.61904761904761,0.0,0.0,0.0,0.0,0.0,0.0,1.0,5.0,40.15,1,1,100.0,5,4.0,250.0,0.0,0.0,0.0,0.0,0.0,0.0,3.0,15.0,2.65,Guaviare,1,1,0.9978538
95,15,2018,13,20.692307692307693,6.0,0.0,0.0,46.15384615384615,0.0,0.0,0.0,0.0,0.0,0.0,0.0,0.0,0.0,0.0,0.0,0.0,36.38461538461539,3,1,33.33333333333333,15,0.8666666666666667,1153.8461538461538,0.0,0.0,0.0,0.0,0.0,0.0,0.0,0.0,3.1538461538461537,Guaviare,0,0,0.004220677
95,25,2018,16,21.375,9.0,1.0,0.0,56.25,6.25,0.0,0.0,0.0,0.0,0.0,0.0,0.0,0.0,0.0,3.0,18.75,31.0,5,1,20.0,25,0.64,1562.5,0.0,0.0,0.0,0.0,0.0,0.0,1.0,6.25,27.1875,Guaviare,0,0,0.005994679
